{
    "Type": "Live2D Expression",
    "Parameters": [
        {
            "Id": "ParamBrowRX",
            "Value": "-1",
            "Blend": "Add"
        },
        {
            "Id": "ParamBrowRY",
            "Value": "-0.5",
            "Blend": "Add"
        },
        {
            "Id": "ParamBrowRAngle",
            "Value": "-1",
            "Blend": "Add"
        },
        {
            "Id": "Param3",
            "Value": "-0.56843",
            "Blend": "Add"
        },
        {
            "Id": "ParamMouthForm",
            "Value": "-0.5",
            "Blend": "Add"
        },
        {
            "Id": "Param9",
            "Value": "1",
            "Blend": "Add"
        }
    ]
}