{
	"Version": 3,
	"Parameters": [
		{
			"Id": "ParamEyeLOpen",
			"GroupId": "ParamGroup",
			"Name": "Left Eye Blink"
		},
		{
			"Id": "ParamEyeLSmile",
			"GroupId": "ParamGroup",
			"Name": "Left Eye Smile"
		},
		{
			"Id": "ParamEyeRSmile",
			"GroupId": "ParamGroup",
			"Name": "Right Eye Smile"
		},
		{
			"Id": "ParamEyeROpen",
			"GroupId": "ParamGroup",
			"Name": "Right Eye Blink"
		},
		{
			"Id": "Param4",
			"GroupId": "ParamGroup",
			"Name": "Right Eye Physics"
		},
		{
			"Id": "Param8",
			"GroupId": "ParamGroup",
			"Name": "Left Eye Physics"
		},
		{
			"Id": "ParamBrowLX",
			"GroupId": "ParamGroup",
			"Name": "Left Brow X"
		},
		{
			"Id": "ParamBrowLY",
			"GroupId": "ParamGroup",
			"Name": "Left Brow Y"
		},
		{
			"Id": "ParamBrowLAngle",
			"GroupId": "ParamGroup",
			"Name": "Left Brow Angle"
		},
		{
			"Id": "ParamBrowLForm",
			"GroupId": "ParamGroup",
			"Name": "Left Brow Form"
		},
		{
			"Id": "ParamBrowRX",
			"GroupId": "ParamGroup",
			"Name": "Right Brow X"
		},
		{
			"Id": "ParamBrowRY",
			"GroupId": "ParamGroup",
			"Name": "Right Brow Y"
		},
		{
			"Id": "ParamBrowRAngle",
			"GroupId": "ParamGroup",
			"Name": "Right Brow Angle"
		},
		{
			"Id": "Param3",
			"GroupId": "ParamGroup",
			"Name": "Right Brow Form"
		},
		{
			"Id": "ParamMouthForm",
			"GroupId": "ParamGroup",
			"Name": "Mouth Form"
		},
		{
			"Id": "ParamMouthOpenY",
			"GroupId": "ParamGroup",
			"Name": "Mouth Open"
		},
		{
			"Id": "Param",
			"GroupId": "ParamGroup",
			"Name": "Eye Ball X"
		},
		{
			"Id": "Param2",
			"GroupId": "ParamGroup",
			"Name": "Eye Ball Y"
		},
		{
			"Id": "Param18",
			"GroupId": "ParamGroup",
			"Name": "mouth X"
		},
		{
			"Id": "Param26",
			"GroupId": "ParamGroup",
			"Name": "EYE shrink"
		},
		{
			"Id": "Param10",
			"GroupId": "ParamGroup3",
			"Name": "Hair Front Physics X1"
		},
		{
			"Id": "Param11",
			"GroupId": "ParamGroup3",
			"Name": "Hair Front Physics Y1"
		},
		{
			"Id": "Param12",
			"GroupId": "ParamGroup3",
			"Name": "Hair Front Physics X2"
		},
		{
			"Id": "Param13",
			"GroupId": "ParamGroup3",
			"Name": "Hair Front Physics Y2"
		},
		{
			"Id": "Param27",
			"GroupId": "ParamGroup3",
			"Name": "Hair Side Physics X1"
		},
		{
			"Id": "Param28",
			"GroupId": "ParamGroup3",
			"Name": "Hair Side Physics Y1"
		},
		{
			"Id": "Param29",
			"GroupId": "ParamGroup3",
			"Name": "Hair Side Physics X2"
		},
		{
			"Id": "Param30",
			"GroupId": "ParamGroup3",
			"Name": "Hair Side Physics Y2"
		},
		{
			"Id": "Param31",
			"GroupId": "ParamGroup3",
			"Name": "Hair Side Physics X3"
		},
		{
			"Id": "Param32",
			"GroupId": "ParamGroup3",
			"Name": "Hair Side Physics Y3"
		},
		{
			"Id": "Param33",
			"GroupId": "ParamGroup3",
			"Name": "Hair Back Physics X1"
		},
		{
			"Id": "Param34",
			"GroupId": "ParamGroup3",
			"Name": "Hair Back Physics Y1"
		},
		{
			"Id": "Param35",
			"GroupId": "ParamGroup3",
			"Name": "Hair Back Physics X2"
		},
		{
			"Id": "Param36",
			"GroupId": "ParamGroup3",
			"Name": "Hair Back Physics Y2"
		},
		{
			"Id": "Param38",
			"GroupId": "ParamGroup3",
			"Name": "Hair Back Physics X3"
		},
		{
			"Id": "Param37",
			"GroupId": "ParamGroup3",
			"Name": "Hair Back Physics Y3"
		},
		{
			"Id": "ParamAngleX",
			"GroupId": "ParamGroup4",
			"Name": "Face X"
		},
		{
			"Id": "ParamAngleY",
			"GroupId": "ParamGroup4",
			"Name": "Face Y"
		},
		{
			"Id": "ParamAngleZ",
			"GroupId": "ParamGroup4",
			"Name": "Face Z"
		},
		{
			"Id": "Param19",
			"GroupId": "ParamGroup4",
			"Name": "Mouth P"
		},
		{
			"Id": "Param14",
			"GroupId": "ParamGroup5",
			"Name": "Breast X1"
		},
		{
			"Id": "Param15",
			"GroupId": "ParamGroup5",
			"Name": "Breast X2"
		},
		{
			"Id": "Param16",
			"GroupId": "ParamGroup5",
			"Name": "Breast Y1"
		},
		{
			"Id": "Param17",
			"GroupId": "ParamGroup5",
			"Name": "Breast Y2"
		},
		{
			"Id": "ParamBreath",
			"GroupId": "",
			"Name": "Breath"
		},
		{
			"Id": "Param21",
			"GroupId": "",
			"Name": "Body X"
		},
		{
			"Id": "Param22",
			"GroupId": "",
			"Name": "Body Y"
		},
		{
			"Id": "Param23",
			"GroupId": "",
			"Name": "Body Z"
		},
		{
			"Id": "Param5",
			"GroupId": "",
			"Name": "Flush ONOFF"
		},
		{
			"Id": "Param6",
			"GroupId": "",
			"Name": "KiraKira ONOFF"
		},
		{
			"Id": "Param7",
			"GroupId": "",
			"Name": "Frightend ONFOFF"
		},
		{
			"Id": "Param9",
			"GroupId": "",
			"Name": "Angry ONOFF"
		},
		{
			"Id": "Param_Angle_Rotation10",
			"GroupId": "ParamGroup2",
			"Name": "[0]Tail"
		},
		{
			"Id": "Param_Angle_Rotation11",
			"GroupId": "ParamGroup2",
			"Name": "[1]Tail"
		},
		{
			"Id": "Param_Angle_Rotation12",
			"GroupId": "ParamGroup2",
			"Name": "[2]Tail"
		},
		{
			"Id": "Param_Angle_Rotation13",
			"GroupId": "ParamGroup2",
			"Name": "[3]Tail"
		},
		{
			"Id": "Param_Angle_Rotation14",
			"GroupId": "ParamGroup2",
			"Name": "[4]Tail"
		},
		{
			"Id": "Param_Angle_Rotation15",
			"GroupId": "ParamGroup2",
			"Name": "[5]Tail"
		},
		{
			"Id": "Param_Angle_Rotation16",
			"GroupId": "ParamGroup2",
			"Name": "[6]Tail"
		},
		{
			"Id": "Param_Angle_Rotation17",
			"GroupId": "ParamGroup2",
			"Name": "[7]Tail"
		},
		{
			"Id": "Param_Angle_Rotation18",
			"GroupId": "ParamGroup2",
			"Name": "[8]Tail"
		},
		{
			"Id": "Param_Angle_Rotation19",
			"GroupId": "ParamGroup2",
			"Name": "[9]Tail"
		}
	],
	"ParameterGroups": [
		{
			"Id": "ParamGroup",
			"GroupId": "",
			"Name": "표정"
		},
		{
			"Id": "ParamGroup3",
			"GroupId": "",
			"Name": "머리카락흔들림"
		},
		{
			"Id": "ParamGroup4",
			"GroupId": "",
			"Name": "얼굴각도"
		},
		{
			"Id": "ParamGroup5",
			"GroupId": "",
			"Name": "가슴움직임"
		},
		{
			"Id": "ParamGroup2",
			"GroupId": "",
			"Name": "Tail"
		}
	],
	"Parts": [
		{
			"Id": "Head",
			"Name": "Head"
		},
		{
			"Id": "Body",
			"Name": "Body"
		},
		{
			"Id": "Tail_Skinning",
			"Name": "Tail(스키닝)"
		},
		{
			"Id": "HairSide",
			"Name": "HairSide"
		},
		{
			"Id": "Ribbon",
			"Name": "Ribbon"
		},
		{
			"Id": "HairFront",
			"Name": "HairFront"
		},
		{
			"Id": "Part",
			"Name": "ear ring"
		},
		{
			"Id": "Part3",
			"Name": "eye R"
		},
		{
			"Id": "Mouth",
			"Name": "Mouth"
		},
		{
			"Id": "Face",
			"Name": "Face"
		},
		{
			"Id": "Ear",
			"Name": "Ear"
		},
		{
			"Id": "HairTail",
			"Name": "HairTail"
		},
		{
			"Id": "Part6",
			"Name": "Leg L"
		},
		{
			"Id": "Part7",
			"Name": "Leg R"
		}
	],
	"CombinedParameters": [
		[
			"ParamBrowRX",
			"ParamBrowRY"
		],
		[
			"ParamBrowRAngle",
			"Param3"
		],
		[
			"ParamMouthForm",
			"ParamMouthOpenY"
		],
		[
			"Param",
			"Param2"
		],
		[
			"Param10",
			"Param11"
		],
		[
			"Param12",
			"Param13"
		],
		[
			"Param27",
			"Param28"
		],
		[
			"Param29",
			"Param30"
		],
		[
			"Param31",
			"Param32"
		],
		[
			"Param33",
			"Param34"
		],
		[
			"Param35",
			"Param36"
		],
		[
			"Param38",
			"Param37"
		],
		[
			"ParamAngleX",
			"ParamAngleY"
		],
		[
			"Param14",
			"Param15"
		],
		[
			"Param21",
			"Param22"
		]
	]
}