{
	"Version": 3,
	"Meta": {
		"PhysicsSettingCount": 9,
		"TotalInputCount": 14,
		"TotalOutputCount": 45,
		"VertexCount": 46,
		"Fps": 60,
		"EffectiveForces": {
			"Gravity": {
				"X": 0,
				"Y": -1
			},
			"Wind": {
				"X": 0,
				"Y": 0
			}
		},
		"PhysicsDictionary": [
			{
				"Id": "PhysicsSetting1",
				"Name": "앞머리 X"
			},
			{
				"Id": "PhysicsSetting2",
				"Name": "옆머리 X"
			},
			{
				"Id": "PhysicsSetting3",
				"Name": "뒷머리 X"
			},
			{
				"Id": "PhysicsSetting4",
				"Name": "앞머리 Y"
			},
			{
				"Id": "PhysicsSetting5",
				"Name": "옆머리 Y"
			},
			{
				"Id": "PhysicsSetting6",
				"Name": "뒷머리 Y"
			},
			{
				"Id": "PhysicsSetting7",
				"Name": "눈깜빡임R"
			},
			{
				"Id": "PhysicsSetting8",
				"Name": "호흡"
			},
			{
				"Id": "PhysicsSetting9",
				"Name": "꼬리연산"
			}
		]
	},
	"PhysicsSettings": [
		{
			"Id": "PhysicsSetting1",
			"Input": [
				{
					"Source": {
						"Target": "Parameter",
						"Id": "ParamAngleX"
					},
					"Weight": 100,
					"Type": "X",
					"Reflect": false
				},
				{
					"Source": {
						"Target": "Parameter",
						"Id": "ParamAngleZ"
					},
					"Weight": 40,
					"Type": "Angle",
					"Reflect": false
				}
			],
			"Output": [
				{
					"Destination": {
						"Target": "Parameter",
						"Id": "Param10"
					},
					"VertexIndex": 1,
					"Scale": 1,
					"Weight": 90,
					"Type": "Angle",
					"Reflect": false
				},
				{
					"Destination": {
						"Target": "Parameter",
						"Id": "Param12"
					},
					"VertexIndex": 2,
					"Scale": 1,
					"Weight": 90,
					"Type": "Angle",
					"Reflect": false
				}
			],
			"Vertices": [
				{
					"Position": {
						"X": 0,
						"Y": 0
					},
					"Mobility": 1,
					"Delay": 1,
					"Acceleration": 1,
					"Radius": 0
				},
				{
					"Position": {
						"X": 0,
						"Y": 10
					},
					"Mobility": 0.95,
					"Delay": 0.9,
					"Acceleration": 1.5,
					"Radius": 10
				},
				{
					"Position": {
						"X": 0,
						"Y": 16
					},
					"Mobility": 0.95,
					"Delay": 1,
					"Acceleration": 1,
					"Radius": 6
				}
			],
			"Normalization": {
				"Position": {
					"Minimum": -10,
					"Default": 0,
					"Maximum": 10
				},
				"Angle": {
					"Minimum": -10,
					"Default": 0,
					"Maximum": 10
				}
			}
		},
		{
			"Id": "PhysicsSetting2",
			"Input": [
				{
					"Source": {
						"Target": "Parameter",
						"Id": "ParamAngleX"
					},
					"Weight": 100,
					"Type": "X",
					"Reflect": false
				},
				{
					"Source": {
						"Target": "Parameter",
						"Id": "ParamAngleZ"
					},
					"Weight": 30,
					"Type": "Angle",
					"Reflect": false
				}
			],
			"Output": [
				{
					"Destination": {
						"Target": "Parameter",
						"Id": "Param27"
					},
					"VertexIndex": 1,
					"Scale": 1,
					"Weight": 90,
					"Type": "Angle",
					"Reflect": false
				},
				{
					"Destination": {
						"Target": "Parameter",
						"Id": "Param29"
					},
					"VertexIndex": 2,
					"Scale": 1,
					"Weight": 90,
					"Type": "Angle",
					"Reflect": false
				},
				{
					"Destination": {
						"Target": "Parameter",
						"Id": "Param31"
					},
					"VertexIndex": 3,
					"Scale": 1,
					"Weight": 90,
					"Type": "Angle",
					"Reflect": false
				}
			],
			"Vertices": [
				{
					"Position": {
						"X": 0,
						"Y": 0
					},
					"Mobility": 1,
					"Delay": 1,
					"Acceleration": 1,
					"Radius": 0
				},
				{
					"Position": {
						"X": 0,
						"Y": 11
					},
					"Mobility": 0.95,
					"Delay": 1,
					"Acceleration": 1.3,
					"Radius": 11
				},
				{
					"Position": {
						"X": 0,
						"Y": 19
					},
					"Mobility": 0.92,
					"Delay": 1,
					"Acceleration": 1.2,
					"Radius": 8
				},
				{
					"Position": {
						"X": 0,
						"Y": 23
					},
					"Mobility": 0.9,
					"Delay": 1,
					"Acceleration": 1,
					"Radius": 4
				}
			],
			"Normalization": {
				"Position": {
					"Minimum": -10,
					"Default": 0,
					"Maximum": 10
				},
				"Angle": {
					"Minimum": -10,
					"Default": 0,
					"Maximum": 10
				}
			}
		},
		{
			"Id": "PhysicsSetting3",
			"Input": [
				{
					"Source": {
						"Target": "Parameter",
						"Id": "ParamAngleX"
					},
					"Weight": 100,
					"Type": "X",
					"Reflect": false
				},
				{
					"Source": {
						"Target": "Parameter",
						"Id": "ParamAngleZ"
					},
					"Weight": 40,
					"Type": "Angle",
					"Reflect": false
				}
			],
			"Output": [
				{
					"Destination": {
						"Target": "Parameter",
						"Id": "Param33"
					},
					"VertexIndex": 1,
					"Scale": 1,
					"Weight": 90,
					"Type": "Angle",
					"Reflect": false
				},
				{
					"Destination": {
						"Target": "Parameter",
						"Id": "Param35"
					},
					"VertexIndex": 2,
					"Scale": 1,
					"Weight": 90,
					"Type": "Angle",
					"Reflect": false
				},
				{
					"Destination": {
						"Target": "Parameter",
						"Id": "Param38"
					},
					"VertexIndex": 3,
					"Scale": 1,
					"Weight": 90,
					"Type": "Angle",
					"Reflect": false
				}
			],
			"Vertices": [
				{
					"Position": {
						"X": 0,
						"Y": 0
					},
					"Mobility": 1,
					"Delay": 1,
					"Acceleration": 1,
					"Radius": 0
				},
				{
					"Position": {
						"X": 0,
						"Y": 16
					},
					"Mobility": 0.94,
					"Delay": 1,
					"Acceleration": 1.4,
					"Radius": 16
				},
				{
					"Position": {
						"X": 0,
						"Y": 26
					},
					"Mobility": 0.9,
					"Delay": 1,
					"Acceleration": 1,
					"Radius": 10
				},
				{
					"Position": {
						"X": 0,
						"Y": 31
					},
					"Mobility": 0.86,
					"Delay": 1,
					"Acceleration": 0.8,
					"Radius": 5
				}
			],
			"Normalization": {
				"Position": {
					"Minimum": -10,
					"Default": 0,
					"Maximum": 10
				},
				"Angle": {
					"Minimum": -10,
					"Default": 0,
					"Maximum": 10
				}
			}
		},
		{
			"Id": "PhysicsSetting4",
			"Input": [
				{
					"Source": {
						"Target": "Parameter",
						"Id": "ParamAngleY"
					},
					"Weight": 100,
					"Type": "X",
					"Reflect": false
				}
			],
			"Output": [
				{
					"Destination": {
						"Target": "Parameter",
						"Id": "Param11"
					},
					"VertexIndex": 1,
					"Scale": 1,
					"Weight": 100,
					"Type": "Angle",
					"Reflect": false
				},
				{
					"Destination": {
						"Target": "Parameter",
						"Id": "Param13"
					},
					"VertexIndex": 2,
					"Scale": 1,
					"Weight": 100,
					"Type": "Angle",
					"Reflect": false
				}
			],
			"Vertices": [
				{
					"Position": {
						"X": 0,
						"Y": 0
					},
					"Mobility": 1,
					"Delay": 1,
					"Acceleration": 1,
					"Radius": 0
				},
				{
					"Position": {
						"X": 0,
						"Y": 10
					},
					"Mobility": 0.95,
					"Delay": 1,
					"Acceleration": 1,
					"Radius": 10
				},
				{
					"Position": {
						"X": 0,
						"Y": 15
					},
					"Mobility": 0.9,
					"Delay": 1,
					"Acceleration": 1,
					"Radius": 5
				}
			],
			"Normalization": {
				"Position": {
					"Minimum": -10,
					"Default": 0,
					"Maximum": 10
				},
				"Angle": {
					"Minimum": -10,
					"Default": 0,
					"Maximum": 10
				}
			}
		},
		{
			"Id": "PhysicsSetting5",
			"Input": [
				{
					"Source": {
						"Target": "Parameter",
						"Id": "ParamAngleY"
					},
					"Weight": 100,
					"Type": "X",
					"Reflect": false
				}
			],
			"Output": [
				{
					"Destination": {
						"Target": "Parameter",
						"Id": "Param28"
					},
					"VertexIndex": 1,
					"Scale": 1,
					"Weight": 100,
					"Type": "Angle",
					"Reflect": false
				},
				{
					"Destination": {
						"Target": "Parameter",
						"Id": "Param30"
					},
					"VertexIndex": 2,
					"Scale": 1,
					"Weight": 100,
					"Type": "Angle",
					"Reflect": false
				},
				{
					"Destination": {
						"Target": "Parameter",
						"Id": "Param32"
					},
					"VertexIndex": 3,
					"Scale": 1,
					"Weight": 100,
					"Type": "Angle",
					"Reflect": false
				}
			],
			"Vertices": [
				{
					"Position": {
						"X": 0,
						"Y": 0
					},
					"Mobility": 1,
					"Delay": 1,
					"Acceleration": 1,
					"Radius": 0
				},
				{
					"Position": {
						"X": 0,
						"Y": 12
					},
					"Mobility": 0.94,
					"Delay": 0.9,
					"Acceleration": 1,
					"Radius": 12
				},
				{
					"Position": {
						"X": 0,
						"Y": 19
					},
					"Mobility": 0.93,
					"Delay": 0.9,
					"Acceleration": 1,
					"Radius": 7
				},
				{
					"Position": {
						"X": 0,
						"Y": 23
					},
					"Mobility": 0.9,
					"Delay": 0.9,
					"Acceleration": 0.8,
					"Radius": 4
				}
			],
			"Normalization": {
				"Position": {
					"Minimum": -10,
					"Default": 0,
					"Maximum": 10
				},
				"Angle": {
					"Minimum": -10,
					"Default": 0,
					"Maximum": 10
				}
			}
		},
		{
			"Id": "PhysicsSetting6",
			"Input": [
				{
					"Source": {
						"Target": "Parameter",
						"Id": "ParamAngleY"
					},
					"Weight": 100,
					"Type": "X",
					"Reflect": false
				}
			],
			"Output": [
				{
					"Destination": {
						"Target": "Parameter",
						"Id": "Param34"
					},
					"VertexIndex": 1,
					"Scale": 1,
					"Weight": 100,
					"Type": "Angle",
					"Reflect": false
				},
				{
					"Destination": {
						"Target": "Parameter",
						"Id": "Param36"
					},
					"VertexIndex": 2,
					"Scale": 1,
					"Weight": 100,
					"Type": "Angle",
					"Reflect": false
				},
				{
					"Destination": {
						"Target": "Parameter",
						"Id": "Param37"
					},
					"VertexIndex": 3,
					"Scale": 1,
					"Weight": 100,
					"Type": "Angle",
					"Reflect": false
				}
			],
			"Vertices": [
				{
					"Position": {
						"X": 0,
						"Y": 0
					},
					"Mobility": 1,
					"Delay": 1,
					"Acceleration": 1,
					"Radius": 0
				},
				{
					"Position": {
						"X": 0,
						"Y": 15
					},
					"Mobility": 0.95,
					"Delay": 1,
					"Acceleration": 1,
					"Radius": 15
				},
				{
					"Position": {
						"X": 0,
						"Y": 25
					},
					"Mobility": 0.93,
					"Delay": 1,
					"Acceleration": 1,
					"Radius": 10
				},
				{
					"Position": {
						"X": 0,
						"Y": 32
					},
					"Mobility": 0.95,
					"Delay": 1,
					"Acceleration": 1,
					"Radius": 7
				}
			],
			"Normalization": {
				"Position": {
					"Minimum": -10,
					"Default": 0,
					"Maximum": 10
				},
				"Angle": {
					"Minimum": -10,
					"Default": 0,
					"Maximum": 10
				}
			}
		},
		{
			"Id": "PhysicsSetting7",
			"Input": [
				{
					"Source": {
						"Target": "Parameter",
						"Id": "ParamEyeROpen"
					},
					"Weight": 100,
					"Type": "X",
					"Reflect": false
				}
			],
			"Output": [
				{
					"Destination": {
						"Target": "Parameter",
						"Id": "Param4"
					},
					"VertexIndex": 1,
					"Scale": 20,
					"Weight": 100,
					"Type": "Angle",
					"Reflect": false
				}
			],
			"Vertices": [
				{
					"Position": {
						"X": 0,
						"Y": 0
					},
					"Mobility": 1,
					"Delay": 1,
					"Acceleration": 1,
					"Radius": 0
				},
				{
					"Position": {
						"X": 0,
						"Y": 10
					},
					"Mobility": 0.9,
					"Delay": 1,
					"Acceleration": 1,
					"Radius": 10
				}
			],
			"Normalization": {
				"Position": {
					"Minimum": -10,
					"Default": 0,
					"Maximum": 10
				},
				"Angle": {
					"Minimum": -10,
					"Default": 0,
					"Maximum": 10
				}
			}
		},
		{
			"Id": "PhysicsSetting8",
			"Input": [
				{
					"Source": {
						"Target": "Parameter",
						"Id": "ParamBreath"
					},
					"Weight": 100,
					"Type": "X",
					"Reflect": false
				}
			],
			"Output": [
				{
					"Destination": {
						"Target": "Parameter",
						"Id": "Param10"
					},
					"VertexIndex": 1,
					"Scale": 2,
					"Weight": 10,
					"Type": "Angle",
					"Reflect": false
				},
				{
					"Destination": {
						"Target": "Parameter",
						"Id": "Param12"
					},
					"VertexIndex": 2,
					"Scale": 2,
					"Weight": 10,
					"Type": "Angle",
					"Reflect": false
				},
				{
					"Destination": {
						"Target": "Parameter",
						"Id": "Param27"
					},
					"VertexIndex": 1,
					"Scale": 2,
					"Weight": 10,
					"Type": "Angle",
					"Reflect": false
				},
				{
					"Destination": {
						"Target": "Parameter",
						"Id": "Param29"
					},
					"VertexIndex": 2,
					"Scale": 2,
					"Weight": 10,
					"Type": "Angle",
					"Reflect": false
				},
				{
					"Destination": {
						"Target": "Parameter",
						"Id": "Param31"
					},
					"VertexIndex": 3,
					"Scale": 2,
					"Weight": 10,
					"Type": "Angle",
					"Reflect": false
				},
				{
					"Destination": {
						"Target": "Parameter",
						"Id": "Param33"
					},
					"VertexIndex": 1,
					"Scale": 2,
					"Weight": 10,
					"Type": "Angle",
					"Reflect": false
				},
				{
					"Destination": {
						"Target": "Parameter",
						"Id": "Param35"
					},
					"VertexIndex": 2,
					"Scale": 2,
					"Weight": 10,
					"Type": "Angle",
					"Reflect": false
				},
				{
					"Destination": {
						"Target": "Parameter",
						"Id": "Param38"
					},
					"VertexIndex": 3,
					"Scale": 2,
					"Weight": 10,
					"Type": "Angle",
					"Reflect": false
				},
				{
					"Destination": {
						"Target": "Parameter",
						"Id": "Param_Angle_Rotation10"
					},
					"VertexIndex": 1,
					"Scale": 10,
					"Weight": 20,
					"Type": "Angle",
					"Reflect": false
				},
				{
					"Destination": {
						"Target": "Parameter",
						"Id": "Param_Angle_Rotation11"
					},
					"VertexIndex": 2,
					"Scale": 10,
					"Weight": 20,
					"Type": "Angle",
					"Reflect": false
				},
				{
					"Destination": {
						"Target": "Parameter",
						"Id": "Param_Angle_Rotation12"
					},
					"VertexIndex": 3,
					"Scale": 10,
					"Weight": 20,
					"Type": "Angle",
					"Reflect": false
				},
				{
					"Destination": {
						"Target": "Parameter",
						"Id": "Param_Angle_Rotation13"
					},
					"VertexIndex": 4,
					"Scale": 10,
					"Weight": 20,
					"Type": "Angle",
					"Reflect": false
				},
				{
					"Destination": {
						"Target": "Parameter",
						"Id": "Param_Angle_Rotation14"
					},
					"VertexIndex": 5,
					"Scale": 10,
					"Weight": 20,
					"Type": "Angle",
					"Reflect": false
				},
				{
					"Destination": {
						"Target": "Parameter",
						"Id": "Param_Angle_Rotation15"
					},
					"VertexIndex": 6,
					"Scale": 10,
					"Weight": 20,
					"Type": "Angle",
					"Reflect": false
				},
				{
					"Destination": {
						"Target": "Parameter",
						"Id": "Param_Angle_Rotation16"
					},
					"VertexIndex": 7,
					"Scale": 10,
					"Weight": 20,
					"Type": "Angle",
					"Reflect": false
				},
				{
					"Destination": {
						"Target": "Parameter",
						"Id": "Param_Angle_Rotation17"
					},
					"VertexIndex": 8,
					"Scale": 10,
					"Weight": 20,
					"Type": "Angle",
					"Reflect": false
				},
				{
					"Destination": {
						"Target": "Parameter",
						"Id": "Param_Angle_Rotation18"
					},
					"VertexIndex": 9,
					"Scale": 10,
					"Weight": 20,
					"Type": "Angle",
					"Reflect": false
				},
				{
					"Destination": {
						"Target": "Parameter",
						"Id": "Param_Angle_Rotation19"
					},
					"VertexIndex": 10,
					"Scale": 10,
					"Weight": 20,
					"Type": "Angle",
					"Reflect": false
				}
			],
			"Vertices": [
				{
					"Position": {
						"X": 0,
						"Y": 0
					},
					"Mobility": 0.9,
					"Delay": 1,
					"Acceleration": 1,
					"Radius": 10
				},
				{
					"Position": {
						"X": 0,
						"Y": 10
					},
					"Mobility": 0.9,
					"Delay": 1,
					"Acceleration": 1,
					"Radius": 10
				},
				{
					"Position": {
						"X": 0,
						"Y": 20
					},
					"Mobility": 0.9,
					"Delay": 1,
					"Acceleration": 1,
					"Radius": 10
				},
				{
					"Position": {
						"X": 0,
						"Y": 30
					},
					"Mobility": 0.9,
					"Delay": 1,
					"Acceleration": 1,
					"Radius": 10
				},
				{
					"Position": {
						"X": 0,
						"Y": 40
					},
					"Mobility": 0.9,
					"Delay": 1,
					"Acceleration": 1,
					"Radius": 10
				},
				{
					"Position": {
						"X": 0,
						"Y": 50
					},
					"Mobility": 0.9,
					"Delay": 1,
					"Acceleration": 1,
					"Radius": 10
				},
				{
					"Position": {
						"X": 0,
						"Y": 60
					},
					"Mobility": 0.9,
					"Delay": 1,
					"Acceleration": 1,
					"Radius": 10
				},
				{
					"Position": {
						"X": 0,
						"Y": 70
					},
					"Mobility": 0.9,
					"Delay": 1,
					"Acceleration": 1,
					"Radius": 10
				},
				{
					"Position": {
						"X": 0,
						"Y": 80
					},
					"Mobility": 0.9,
					"Delay": 1,
					"Acceleration": 1,
					"Radius": 10
				},
				{
					"Position": {
						"X": 0,
						"Y": 90
					},
					"Mobility": 0.9,
					"Delay": 1,
					"Acceleration": 1,
					"Radius": 10
				},
				{
					"Position": {
						"X": 0,
						"Y": 100
					},
					"Mobility": 0.9,
					"Delay": 1,
					"Acceleration": 1,
					"Radius": 10
				}
			],
			"Normalization": {
				"Position": {
					"Minimum": -10,
					"Default": 0,
					"Maximum": 10
				},
				"Angle": {
					"Minimum": -10,
					"Default": 0,
					"Maximum": 10
				}
			}
		},
		{
			"Id": "PhysicsSetting9",
			"Input": [
				{
					"Source": {
						"Target": "Parameter",
						"Id": "Param21"
					},
					"Weight": 70,
					"Type": "X",
					"Reflect": false
				},
				{
					"Source": {
						"Target": "Parameter",
						"Id": "Param22"
					},
					"Weight": 30,
					"Type": "X",
					"Reflect": false
				},
				{
					"Source": {
						"Target": "Parameter",
						"Id": "Param23"
					},
					"Weight": 40,
					"Type": "Angle",
					"Reflect": false
				}
			],
			"Output": [
				{
					"Destination": {
						"Target": "Parameter",
						"Id": "Param_Angle_Rotation10"
					},
					"VertexIndex": 1,
					"Scale": 2,
					"Weight": 90,
					"Type": "Angle",
					"Reflect": false
				},
				{
					"Destination": {
						"Target": "Parameter",
						"Id": "Param_Angle_Rotation11"
					},
					"VertexIndex": 2,
					"Scale": 10,
					"Weight": 90,
					"Type": "Angle",
					"Reflect": false
				},
				{
					"Destination": {
						"Target": "Parameter",
						"Id": "Param_Angle_Rotation12"
					},
					"VertexIndex": 3,
					"Scale": 10,
					"Weight": 90,
					"Type": "Angle",
					"Reflect": false
				},
				{
					"Destination": {
						"Target": "Parameter",
						"Id": "Param_Angle_Rotation13"
					},
					"VertexIndex": 4,
					"Scale": 10,
					"Weight": 90,
					"Type": "Angle",
					"Reflect": false
				},
				{
					"Destination": {
						"Target": "Parameter",
						"Id": "Param_Angle_Rotation14"
					},
					"VertexIndex": 5,
					"Scale": 10,
					"Weight": 90,
					"Type": "Angle",
					"Reflect": false
				},
				{
					"Destination": {
						"Target": "Parameter",
						"Id": "Param_Angle_Rotation15"
					},
					"VertexIndex": 6,
					"Scale": 10,
					"Weight": 90,
					"Type": "Angle",
					"Reflect": false
				},
				{
					"Destination": {
						"Target": "Parameter",
						"Id": "Param_Angle_Rotation16"
					},
					"VertexIndex": 7,
					"Scale": 10,
					"Weight": 90,
					"Type": "Angle",
					"Reflect": false
				},
				{
					"Destination": {
						"Target": "Parameter",
						"Id": "Param_Angle_Rotation17"
					},
					"VertexIndex": 8,
					"Scale": 10,
					"Weight": 90,
					"Type": "Angle",
					"Reflect": false
				},
				{
					"Destination": {
						"Target": "Parameter",
						"Id": "Param_Angle_Rotation18"
					},
					"VertexIndex": 9,
					"Scale": 10,
					"Weight": 90,
					"Type": "Angle",
					"Reflect": false
				},
				{
					"Destination": {
						"Target": "Parameter",
						"Id": "Param_Angle_Rotation19"
					},
					"VertexIndex": 10,
					"Scale": 10,
					"Weight": 90,
					"Type": "Angle",
					"Reflect": false
				}
			],
			"Vertices": [
				{
					"Position": {
						"X": 0,
						"Y": 0
					},
					"Mobility": 0.9,
					"Delay": 1,
					"Acceleration": 1,
					"Radius": 14
				},
				{
					"Position": {
						"X": 0,
						"Y": 14
					},
					"Mobility": 0.9,
					"Delay": 1,
					"Acceleration": 1,
					"Radius": 14
				},
				{
					"Position": {
						"X": 0,
						"Y": 28
					},
					"Mobility": 0.9,
					"Delay": 1,
					"Acceleration": 1,
					"Radius": 14
				},
				{
					"Position": {
						"X": 0,
						"Y": 42
					},
					"Mobility": 0.9,
					"Delay": 1,
					"Acceleration": 1,
					"Radius": 14
				},
				{
					"Position": {
						"X": 0,
						"Y": 56
					},
					"Mobility": 0.9,
					"Delay": 1,
					"Acceleration": 1,
					"Radius": 14
				},
				{
					"Position": {
						"X": 0,
						"Y": 70
					},
					"Mobility": 0.9,
					"Delay": 1,
					"Acceleration": 1,
					"Radius": 14
				},
				{
					"Position": {
						"X": 0,
						"Y": 84
					},
					"Mobility": 0.9,
					"Delay": 1,
					"Acceleration": 1,
					"Radius": 14
				},
				{
					"Position": {
						"X": 0,
						"Y": 98
					},
					"Mobility": 0.9,
					"Delay": 1,
					"Acceleration": 1,
					"Radius": 14
				},
				{
					"Position": {
						"X": 0,
						"Y": 112
					},
					"Mobility": 0.9,
					"Delay": 1,
					"Acceleration": 1,
					"Radius": 14
				},
				{
					"Position": {
						"X": 0,
						"Y": 126
					},
					"Mobility": 0.9,
					"Delay": 1,
					"Acceleration": 1,
					"Radius": 14
				},
				{
					"Position": {
						"X": 0,
						"Y": 140
					},
					"Mobility": 0.9,
					"Delay": 1,
					"Acceleration": 1,
					"Radius": 14
				}
			],
			"Normalization": {
				"Position": {
					"Minimum": -10,
					"Default": 0,
					"Maximum": 10
				},
				"Angle": {
					"Minimum": -10,
					"Default": 0,
					"Maximum": 10
				}
			}
		}
	]
}