{
    "Version": 1,
    "Name": "KITU17",
    "ModelID": "221adc0713e14534999ce35cd64ed5a7",
    "FileReferences": {
        "Icon": "",
        "Model": "KITU17.model3.json",
        "IdleAnimation": "",
        "IdleAnimationWhenTrackingLost": ""
    },
    "ModelSaveMetadata": {
        "LastSavedVTubeStudioVersion": "1.22.11",
        "LastSavedPlatform": "Steam",
        "LastSavedDateUTC": "Sunday, 27 November 2022, 14:10:42",
        "LastSavedDateLocalTime": "Sunday, 27 November 2022, 23:10:42",
        "LastSavedDateUnixMillisecondTimestamp": "1669558242858"
    },
    "SavedModelPosition": {
        "Position": {
            "x": -1.7424964904785157,
            "y": -26.544044494628908,
            "z": 0.0
        },
        "Rotation": {
            "x": 0.0,
            "y": 0.0,
            "z": 0.0,
            "w": 1.0
        },
        "Scale": {
            "x": 1.0,
            "y": 1.0,
            "z": 1.0
        }
    },
    "ModelPositionMovement": {
        "Use": true,
        "X": 0,
        "Y": 0,
        "Z": 0,
        "SmoothingX": 10,
        "SmoothingY": 10,
        "SmoothingZ": 10
    },
    "ItemSettings": {
        "OnlyMoveWhenPinned": false,
        "AllowNormalHotkeyTriggers": true,
        "Multiplier_HeadAngleX": 1.0,
        "Multiplier_HeadAngleY": 1.0,
        "Multiplier_HeadAngleZ": 1.0,
        "Shift_HeadAngleX": 0.0,
        "Shift_HeadAngleY": 0.0,
        "Smoothing_HeadAngleX": 15.0,
        "Smoothing_HeadAngleY": 15.0,
        "Smoothing_HeadAngleZ": 15.0
    },
    "PhysicsSettings": {
        "Use": true,
        "UseLegacyPhysics": false,
        "Live2DPhysicsFPS": 3,
        "PhysicsStrength": 50,
        "WindStrength": 0,
        "DraggingPhysicsStrength": 0
    },
    "GeneralSettings": {
        "TimeUntilTrackingLostIdleAnimation": 0.0,
        "WorkshopSharingForbidden": true
    },
    "ParameterSettings": [
        {
            "Name": "Eye Open Left",
            "Input": "EyeOpenLeft",
            "InputRangeLower": 0.0,
            "InputRangeUpper": 1.0,
            "OutputRangeLower": 0.0,
            "OutputRangeUpper": 1.899999976158142,
            "ClampInput": false,
            "ClampOutput": false,
            "UseBlinking": false,
            "UseBreathing": false,
            "OutputLive2D": "ParamEyeLOpen",
            "Smoothing": 5,
            "Minimized": true
        },
        {
            "Name": "Eye Smile Left",
            "Input": "MouthSmile",
            "InputRangeLower": 0.0,
            "InputRangeUpper": 1.0,
            "OutputRangeLower": 0.0,
            "OutputRangeUpper": 1.0,
            "ClampInput": false,
            "ClampOutput": true,
            "UseBlinking": false,
            "UseBreathing": false,
            "OutputLive2D": "ParamEyeLSmile",
            "Smoothing": 5,
            "Minimized": true
        },
        {
            "Name": "Eye Smile Right",
            "Input": "MouthSmile",
            "InputRangeLower": 0.0,
            "InputRangeUpper": 1.0,
            "OutputRangeLower": 0.0,
            "OutputRangeUpper": 1.0,
            "ClampInput": false,
            "ClampOutput": true,
            "UseBlinking": false,
            "UseBreathing": false,
            "OutputLive2D": "ParamEyeRSmile",
            "Smoothing": 5,
            "Minimized": true
        },
        {
            "Name": "Eye Open Right",
            "Input": "EyeOpenRight",
            "InputRangeLower": 0.0,
            "InputRangeUpper": 1.0,
            "OutputRangeLower": 0.0,
            "OutputRangeUpper": 1.899999976158142,
            "ClampInput": false,
            "ClampOutput": false,
            "UseBlinking": false,
            "UseBreathing": false,
            "OutputLive2D": "ParamEyeROpen",
            "Smoothing": 5,
            "Minimized": true
        },
        {
            "Name": "Brow Height Left",
            "Input": "Brows",
            "InputRangeLower": 0.0,
            "InputRangeUpper": 1.0,
            "OutputRangeLower": -1.0,
            "OutputRangeUpper": 1.0,
            "ClampInput": false,
            "ClampOutput": false,
            "UseBlinking": false,
            "UseBreathing": false,
            "OutputLive2D": "ParamBrowLY",
            "Smoothing": 10,
            "Minimized": true
        },
        {
            "Name": "Brow Form Left",
            "Input": "Brows",
            "InputRangeLower": 0.0,
            "InputRangeUpper": 1.0,
            "OutputRangeLower": -1.0,
            "OutputRangeUpper": 1.0,
            "ClampInput": false,
            "ClampOutput": false,
            "UseBlinking": false,
            "UseBreathing": false,
            "OutputLive2D": "ParamBrowLForm",
            "Smoothing": 15,
            "Minimized": true
        },
        {
            "Name": "Brow Height Right",
            "Input": "Brows",
            "InputRangeLower": 0.0,
            "InputRangeUpper": 1.0,
            "OutputRangeLower": -1.0,
            "OutputRangeUpper": 1.0,
            "ClampInput": false,
            "ClampOutput": false,
            "UseBlinking": false,
            "UseBreathing": false,
            "OutputLive2D": "ParamBrowRY",
            "Smoothing": 10,
            "Minimized": true
        },
        {
            "Name": "Mouth Smile",
            "Input": "MouthSmile",
            "InputRangeLower": 0.0,
            "InputRangeUpper": 1.2000000476837159,
            "OutputRangeLower": -1.0,
            "OutputRangeUpper": 1.0,
            "ClampInput": false,
            "ClampOutput": false,
            "UseBlinking": false,
            "UseBreathing": false,
            "OutputLive2D": "ParamMouthForm",
            "Smoothing": 0,
            "Minimized": true
        },
        {
            "Name": "Mouth Open",
            "Input": "MouthOpen",
            "InputRangeLower": 0.10000000149011612,
            "InputRangeUpper": 1.0,
            "OutputRangeLower": 0.0,
            "OutputRangeUpper": 2.0999999046325685,
            "ClampInput": false,
            "ClampOutput": false,
            "UseBlinking": false,
            "UseBreathing": false,
            "OutputLive2D": "ParamMouthOpenY",
            "Smoothing": 3,
            "Minimized": true
        },
        {
            "Name": "Face Left/Right Rotation",
            "Input": "FaceAngleX",
            "InputRangeLower": -30.0,
            "InputRangeUpper": 30.0,
            "OutputRangeLower": -20.0,
            "OutputRangeUpper": 20.0,
            "ClampInput": false,
            "ClampOutput": false,
            "UseBlinking": false,
            "UseBreathing": false,
            "OutputLive2D": "ParamAngleX",
            "Smoothing": 1,
            "Minimized": true
        },
        {
            "Name": "Face Up/Down Rotation",
            "Input": "FaceAngleY",
            "InputRangeLower": -15.0,
            "InputRangeUpper": 15.0,
            "OutputRangeLower": -20.0,
            "OutputRangeUpper": 20.0,
            "ClampInput": false,
            "ClampOutput": false,
            "UseBlinking": false,
            "UseBreathing": false,
            "OutputLive2D": "ParamAngleY",
            "Smoothing": 5,
            "Minimized": true
        },
        {
            "Name": "Face Lean Rotation",
            "Input": "FaceAngleZ",
            "InputRangeLower": -30.0,
            "InputRangeUpper": 30.0,
            "OutputRangeLower": -20.0,
            "OutputRangeUpper": 20.0,
            "ClampInput": false,
            "ClampOutput": false,
            "UseBlinking": false,
            "UseBreathing": false,
            "OutputLive2D": "ParamAngleZ",
            "Smoothing": 5,
            "Minimized": true
        },
        {
            "Name": "Auto Breath",
            "Input": "",
            "InputRangeLower": 0.0,
            "InputRangeUpper": 1.0,
            "OutputRangeLower": 0.0,
            "OutputRangeUpper": 1.0,
            "ClampInput": false,
            "ClampOutput": false,
            "UseBlinking": false,
            "UseBreathing": true,
            "OutputLive2D": "ParamBreath",
            "Smoothing": 0,
            "Minimized": true
        },
        {
            "Name": "X",
            "Input": "FaceAngleX",
            "InputRangeLower": -30.0,
            "InputRangeUpper": 30.0,
            "OutputRangeLower": 10.0,
            "OutputRangeUpper": -10.0,
            "ClampInput": false,
            "ClampOutput": false,
            "UseBlinking": false,
            "UseBreathing": false,
            "OutputLive2D": "Param21",
            "Smoothing": 20,
            "Minimized": true
        },
        {
            "Name": "Y",
            "Input": "FaceAngleY",
            "InputRangeLower": -30.0,
            "InputRangeUpper": 30.0,
            "OutputRangeLower": 10.0,
            "OutputRangeUpper": -10.0,
            "ClampInput": false,
            "ClampOutput": false,
            "UseBlinking": false,
            "UseBreathing": false,
            "OutputLive2D": "Param22",
            "Smoothing": 9,
            "Minimized": true
        },
        {
            "Name": "Z",
            "Input": "FaceAngleZ",
            "InputRangeLower": -30.0,
            "InputRangeUpper": 30.0,
            "OutputRangeLower": 10.0,
            "OutputRangeUpper": -10.0,
            "ClampInput": false,
            "ClampOutput": false,
            "UseBlinking": false,
            "UseBreathing": false,
            "OutputLive2D": "Param23",
            "Smoothing": 20,
            "Minimized": true
        },
        {
            "Name": "Eye X",
            "Input": "EyeRightX",
            "InputRangeLower": -1.0,
            "InputRangeUpper": 1.0,
            "OutputRangeLower": 1.0,
            "OutputRangeUpper": -1.0,
            "ClampInput": false,
            "ClampOutput": false,
            "UseBlinking": false,
            "UseBreathing": false,
            "OutputLive2D": "Param",
            "Smoothing": 7,
            "Minimized": true
        },
        {
            "Name": "Eye Y",
            "Input": "EyeRightY",
            "InputRangeLower": -1.0,
            "InputRangeUpper": 1.0,
            "OutputRangeLower": -1.0,
            "OutputRangeUpper": 1.0,
            "ClampInput": false,
            "ClampOutput": false,
            "UseBlinking": false,
            "UseBreathing": false,
            "OutputLive2D": "Param2",
            "Smoothing": 20,
            "Minimized": true
        },
        {
            "Name": "Brow X",
            "Input": "EyeRightX",
            "InputRangeLower": -1.0,
            "InputRangeUpper": 1.0,
            "OutputRangeLower": -1.0,
            "OutputRangeUpper": 1.0,
            "ClampInput": false,
            "ClampOutput": false,
            "UseBlinking": false,
            "UseBreathing": false,
            "OutputLive2D": "ParamBrowRX",
            "Smoothing": 10,
            "Minimized": true
        },
        {
            "Name": "Brow Y",
            "Input": "EyeLeftX",
            "InputRangeLower": -1.0,
            "InputRangeUpper": 1.0,
            "OutputRangeLower": -1.0,
            "OutputRangeUpper": 1.0,
            "ClampInput": false,
            "ClampOutput": false,
            "UseBlinking": false,
            "UseBreathing": false,
            "OutputLive2D": "ParamBrowLX",
            "Smoothing": 10,
            "Minimized": true
        },
        {
            "Name": "Cheek Puff",
            "Input": "CheekPuff",
            "InputRangeLower": 0.0,
            "InputRangeUpper": 1.0,
            "OutputRangeLower": 0.0,
            "OutputRangeUpper": 1.0,
            "ClampInput": false,
            "ClampOutput": false,
            "UseBlinking": false,
            "UseBreathing": false,
            "OutputLive2D": "Param19",
            "Smoothing": 20,
            "Minimized": true
        }
    ],
    "Hotkeys": [
        {
            "HotkeyID": "dad5ab8643844c8284bd417460206c95",
            "Name": "Scared",
            "Action": "ToggleExpression",
            "File": "Scared.exp3.json",
            "Position": {
                "X": 0.0,
                "Y": 0.0,
                "Z": 0.0,
                "Rotation": 0.0
            },
            "ColorOverlay": {
                "On": false,
                "IsStaticColor": false,
                "Display": -1,
                "WindowName": "",
                "IncludeLeft": false,
                "IncludeMid": false,
                "IncludeRight": false,
                "BaseValue": 0,
                "OverlayValue": 0,
                "Smoothing": 0,
                "IncludeItems": false,
                "StaticColor": {
                    "r": 0.0,
                    "g": 0.0,
                    "b": 0.0,
                    "a": 1.0
                }
            },
            "ColorScreenMultiplyPreset": {
                "ArtMeshMultiplyAndScreenColors": []
            },
            "HandGestureSettings": {
                "GestureLeft": "",
                "GestureRight": "",
                "GestureCombinator": "AND",
                "AllowMirroredGesture": false,
                "DeactivateExpWhenGestureNotDetected": false,
                "SecondsUntilDetection": 0.5,
                "SecondsDetected": 0.0,
                "PercentDetected": 0.0
            },
            "LoadModelSettings": {
                "LoadAtCurrentPosition": true
            },
            "Triggers": {
                "Trigger1": "PageUp",
                "Trigger2": "",
                "Trigger3": "",
                "ScreenButton": -1
            },
            "IsGlobal": true,
            "IsActive": true,
            "Minimized": true,
            "StopsOnLastFrame": false,
            "DeactivateAfterKeyUp": false,
            "OnlyLoadOneRandomItem": false,
            "DeactivateAfterSeconds": false,
            "DeactivateAfterSecondsAmount": 10.0,
            "FadeSecondsAmount": 0.5,
            "OnScreenHotkeyColor": {
                "r": 1.0,
                "g": 1.0,
                "b": 1.0,
                "a": 1.0
            }
        },
        {
            "HotkeyID": "9585bf20254b4209b406cd6f1a22c07f",
            "Name": "Angry",
            "Action": "ToggleExpression",
            "File": "Angry.exp3.json",
            "Position": {
                "X": 0.0,
                "Y": 0.0,
                "Z": 0.0,
                "Rotation": 0.0
            },
            "ColorOverlay": {
                "On": false,
                "IsStaticColor": false,
                "Display": -1,
                "WindowName": "",
                "IncludeLeft": false,
                "IncludeMid": false,
                "IncludeRight": false,
                "BaseValue": 0,
                "OverlayValue": 0,
                "Smoothing": 0,
                "IncludeItems": false,
                "StaticColor": {
                    "r": 0.0,
                    "g": 0.0,
                    "b": 0.0,
                    "a": 1.0
                }
            },
            "ColorScreenMultiplyPreset": {
                "ArtMeshMultiplyAndScreenColors": []
            },
            "HandGestureSettings": {
                "GestureLeft": "",
                "GestureRight": "",
                "GestureCombinator": "AND",
                "AllowMirroredGesture": false,
                "DeactivateExpWhenGestureNotDetected": false,
                "SecondsUntilDetection": 0.5,
                "SecondsDetected": 0.0,
                "PercentDetected": 0.0
            },
            "LoadModelSettings": {
                "LoadAtCurrentPosition": true
            },
            "Triggers": {
                "Trigger1": "PageDown",
                "Trigger2": "",
                "Trigger3": "",
                "ScreenButton": -1
            },
            "IsGlobal": true,
            "IsActive": true,
            "Minimized": true,
            "StopsOnLastFrame": false,
            "DeactivateAfterKeyUp": false,
            "OnlyLoadOneRandomItem": false,
            "DeactivateAfterSeconds": false,
            "DeactivateAfterSecondsAmount": 10.0,
            "FadeSecondsAmount": 0.5,
            "OnScreenHotkeyColor": {
                "r": 1.0,
                "g": 1.0,
                "b": 1.0,
                "a": 1.0
            }
        },
        {
            "HotkeyID": "2ad1dc1cf15446fb8fef4392dd389e38",
            "Name": "Shy",
            "Action": "ToggleExpression",
            "File": "Shy.exp3.json",
            "Position": {
                "X": 0.0,
                "Y": 0.0,
                "Z": 0.0,
                "Rotation": 0.0
            },
            "ColorOverlay": {
                "On": false,
                "IsStaticColor": false,
                "Display": -1,
                "WindowName": "",
                "IncludeLeft": false,
                "IncludeMid": false,
                "IncludeRight": false,
                "BaseValue": 0,
                "OverlayValue": 0,
                "Smoothing": 0,
                "IncludeItems": false,
                "StaticColor": {
                    "r": 0.0,
                    "g": 0.0,
                    "b": 0.0,
                    "a": 1.0
                }
            },
            "ColorScreenMultiplyPreset": {
                "ArtMeshMultiplyAndScreenColors": []
            },
            "HandGestureSettings": {
                "GestureLeft": "",
                "GestureRight": "",
                "GestureCombinator": "AND",
                "AllowMirroredGesture": false,
                "DeactivateExpWhenGestureNotDetected": false,
                "SecondsUntilDetection": 0.5,
                "SecondsDetected": 0.0,
                "PercentDetected": 0.0
            },
            "LoadModelSettings": {
                "LoadAtCurrentPosition": true
            },
            "Triggers": {
                "Trigger1": "Numpad7",
                "Trigger2": "",
                "Trigger3": "",
                "ScreenButton": -1
            },
            "IsGlobal": true,
            "IsActive": true,
            "Minimized": true,
            "StopsOnLastFrame": false,
            "DeactivateAfterKeyUp": false,
            "OnlyLoadOneRandomItem": false,
            "DeactivateAfterSeconds": false,
            "DeactivateAfterSecondsAmount": 10.0,
            "FadeSecondsAmount": 0.5,
            "OnScreenHotkeyColor": {
                "r": 1.0,
                "g": 1.0,
                "b": 1.0,
                "a": 1.0
            }
        },
        {
            "HotkeyID": "ae7216c8d5614cdd859f9e401ddb0402",
            "Name": "Cute",
            "Action": "ToggleExpression",
            "File": "Cute.exp3.json",
            "Position": {
                "X": 0.0,
                "Y": 0.0,
                "Z": 0.0,
                "Rotation": 0.0
            },
            "ColorOverlay": {
                "On": false,
                "IsStaticColor": false,
                "Display": -1,
                "WindowName": "",
                "IncludeLeft": false,
                "IncludeMid": false,
                "IncludeRight": false,
                "BaseValue": 0,
                "OverlayValue": 0,
                "Smoothing": 0,
                "IncludeItems": false,
                "StaticColor": {
                    "r": 0.0,
                    "g": 0.0,
                    "b": 0.0,
                    "a": 1.0
                }
            },
            "ColorScreenMultiplyPreset": {
                "ArtMeshMultiplyAndScreenColors": []
            },
            "HandGestureSettings": {
                "GestureLeft": "",
                "GestureRight": "",
                "GestureCombinator": "AND",
                "AllowMirroredGesture": false,
                "DeactivateExpWhenGestureNotDetected": false,
                "SecondsUntilDetection": 0.5,
                "SecondsDetected": 0.0,
                "PercentDetected": 0.0
            },
            "LoadModelSettings": {
                "LoadAtCurrentPosition": true
            },
            "Triggers": {
                "Trigger1": "Numpad8",
                "Trigger2": "",
                "Trigger3": "",
                "ScreenButton": -1
            },
            "IsGlobal": true,
            "IsActive": true,
            "Minimized": true,
            "StopsOnLastFrame": false,
            "DeactivateAfterKeyUp": false,
            "OnlyLoadOneRandomItem": false,
            "DeactivateAfterSeconds": false,
            "DeactivateAfterSecondsAmount": 10.0,
            "FadeSecondsAmount": 0.5,
            "OnScreenHotkeyColor": {
                "r": 1.0,
                "g": 1.0,
                "b": 1.0,
                "a": 1.0
            }
        },
        {
            "HotkeyID": "71103ee7d8094e8994b53d7f3c8e4a1d",
            "Name": "Kirakira",
            "Action": "ToggleExpression",
            "File": "Kirakira.exp3.json",
            "Position": {
                "X": 0.0,
                "Y": 0.0,
                "Z": 0.0,
                "Rotation": 0.0
            },
            "ColorOverlay": {
                "On": false,
                "IsStaticColor": false,
                "Display": -1,
                "WindowName": "",
                "IncludeLeft": false,
                "IncludeMid": false,
                "IncludeRight": false,
                "BaseValue": 0,
                "OverlayValue": 0,
                "Smoothing": 0,
                "IncludeItems": false,
                "StaticColor": {
                    "r": 0.0,
                    "g": 0.0,
                    "b": 0.0,
                    "a": 1.0
                }
            },
            "ColorScreenMultiplyPreset": {
                "ArtMeshMultiplyAndScreenColors": []
            },
            "HandGestureSettings": {
                "GestureLeft": "",
                "GestureRight": "",
                "GestureCombinator": "AND",
                "AllowMirroredGesture": false,
                "DeactivateExpWhenGestureNotDetected": false,
                "SecondsUntilDetection": 0.5,
                "SecondsDetected": 0.0,
                "PercentDetected": 0.0
            },
            "LoadModelSettings": {
                "LoadAtCurrentPosition": true
            },
            "Triggers": {
                "Trigger1": "Numpad9",
                "Trigger2": "",
                "Trigger3": "",
                "ScreenButton": -1
            },
            "IsGlobal": true,
            "IsActive": true,
            "Minimized": true,
            "StopsOnLastFrame": false,
            "DeactivateAfterKeyUp": false,
            "OnlyLoadOneRandomItem": false,
            "DeactivateAfterSeconds": false,
            "DeactivateAfterSecondsAmount": 10.0,
            "FadeSecondsAmount": 0.5,
            "OnScreenHotkeyColor": {
                "r": 1.0,
                "g": 1.0,
                "b": 1.0,
                "a": 1.0
            }
        },
        {
            "HotkeyID": "73115aef53214522acfa52fb54e26786",
            "Name": "rff",
            "Action": "ToggleExpression",
            "File": "rff.exp3.json",
            "Position": {
                "X": 0.0,
                "Y": 0.0,
                "Z": 0.0,
                "Rotation": 0.0
            },
            "ColorOverlay": {
                "On": false,
                "IsStaticColor": false,
                "Display": -1,
                "WindowName": "",
                "IncludeLeft": false,
                "IncludeMid": false,
                "IncludeRight": false,
                "BaseValue": 0,
                "OverlayValue": 0,
                "Smoothing": 0,
                "IncludeItems": false,
                "StaticColor": {
                    "r": 0.0,
                    "g": 0.0,
                    "b": 0.0,
                    "a": 1.0
                }
            },
            "ColorScreenMultiplyPreset": {
                "ArtMeshMultiplyAndScreenColors": []
            },
            "HandGestureSettings": {
                "GestureLeft": "",
                "GestureRight": "",
                "GestureCombinator": "AND",
                "AllowMirroredGesture": false,
                "DeactivateExpWhenGestureNotDetected": false,
                "SecondsUntilDetection": 0.5,
                "SecondsDetected": 0.0,
                "PercentDetected": 0.0
            },
            "LoadModelSettings": {
                "LoadAtCurrentPosition": true
            },
            "Triggers": {
                "Trigger1": "U",
                "Trigger2": "",
                "Trigger3": "",
                "ScreenButton": -1
            },
            "IsGlobal": true,
            "IsActive": true,
            "Minimized": false,
            "StopsOnLastFrame": false,
            "DeactivateAfterKeyUp": false,
            "OnlyLoadOneRandomItem": false,
            "DeactivateAfterSeconds": false,
            "DeactivateAfterSecondsAmount": 10.0,
            "FadeSecondsAmount": 0.5,
            "OnScreenHotkeyColor": {
                "r": 1.0,
                "g": 1.0,
                "b": 1.0,
                "a": 1.0
            }
        }
    ],
    "HotkeySettings": {
        "UseOnScreenHotkeys": false,
        "UseKeyboardHotkeys": true,
        "SendOnScreenHotkeysToPC": true,
        "OnScreenHotkeyAlpha": 75
    },
    "ArtMeshDetails": {
        "ArtMeshesExcludedFromPinning": [],
        "ArtMeshesThatDeleteItemsOnDrop": [],
        "ArtMeshSceneLightingMultipliers": [],
        "ArtMeshMultiplyAndScreenColors": []
    },
    "PhysicsCustomizationSettings": {
        "PhysicsMultipliersPerPhysicsGroup": [],
        "WindMultipliersPerPhysicsGroup": [],
        "DraggingPhysicsMultipliersPerPhysicsGroup": []
    }
}