{
    "Type": "Live2D Expression",
    "Parameters": [
        {
            "Id": "ParamEyeRSmile",
            "Value": "0",
            "Blend": "Add"
        },
        {
            "Id": "ParamBrowRX",
            "Value": "0.5",
            "Blend": "Add"
        },
        {
            "Id": "ParamBrowRY",
            "Value": "1",
            "Blend": "Add"
        },
        {
            "Id": "ParamBrowRAngle",
            "Value": "1",
            "Blend": "Add"
        },
        {
            "Id": "ParamMouthForm",
            "Value": "-0.59332",
            "Blend": "Add"
        },
        {
            "Id": "Param26",
            "Value": "-0.26573",
            "Blend": "Add"
        },
        {
            "Id": "Param7",
            "Value": "1",
            "Blend": "Add"
        }
    ]
}