{
    "Type": "Live2D Expression",
    "Parameters": [
        {
            "Id": "ParamEyeRSmile",
            "Value": "1",
            "Blend": "Add"
        },
        {
            "Id": "ParamBrowRX",
            "Value": "0.5",
            "Blend": "Add"
        },
        {
            "Id": "ParamBrowRY",
            "Value": "0.7",
            "Blend": "Add"
        },
        {
            "Id": "ParamBrowRAngle",
            "Value": "0.8",
            "Blend": "Add"
        },
        {
            "Id": "Param3",
            "Value": "0.3",
            "Blend": "Add"
        },
        {
            "Id": "Param5",
            "Value": "1",
            "Blend": "Add"
        }
    ]
}