{
	"Version": 3,
	"Meta": {
		"Duration": 4.567,
		"Fps": 30.0,
		"Loop": true,
		"AreBeziersRestricted": true,
		"CurveCount": 12,
		"TotalSegmentCount": 80,
		"TotalPointCount": 216,
		"UserDataCount": 0,
		"TotalUserDataSize": 0
	},
	"Curves": [
		{
			"Target": "Parameter",
			"Id": "ParamEyeLOpen",
			"Segments": [
				0,
				1,
				0,
				0.067,
				1,
				1,
				0.144,
				1,
				0.222,
				0,
				0.3,
				0,
				1,
				0.378,
				0,
				0.456,
				1,
				0.533,
				1,
				1,
				0.9,
				1,
				1.267,
				1,
				1.633,
				1,
				1,
				1.733,
				1,
				1.833,
				0,
				1.933,
				0,
				1,
				2.033,
				0,
				2.133,
				1,
				2.233,
				1,
				0,
				4.567,
				1
			]
		},
		{
			"Target": "Parameter",
			"Id": "ParamEyeLSmile",
			"Segments": [
				0,
				0,
				0,
				4.567,
				0
			]
		},
		{
			"Target": "Parameter",
			"Id": "ParamEyeROpen",
			"Segments": [
				0,
				1,
				0,
				0.067,
				1,
				1,
				0.144,
				1,
				0.222,
				0,
				0.3,
				0,
				1,
				0.378,
				0,
				0.456,
				1,
				0.533,
				1,
				1,
				0.9,
				1,
				1.267,
				1,
				1.633,
				1,
				1,
				1.733,
				1,
				1.833,
				0,
				1.933,
				0,
				1,
				2.033,
				0,
				2.133,
				1,
				2.233,
				1,
				0,
				4.567,
				1
			]
		},
		{
			"Target": "Parameter",
			"Id": "ParamEyeBallX",
			"Segments": [
				0,
				0,
				0,
				0.033,
				0,
				1,
				0.122,
				0,
				0.211,
				0,
				0.3,
				0,
				1,
				0.467,
				0,
				0.633,
				-0.42,
				0.8,
				-0.7,
				1,
				0.967,
				-0.98,
				1.133,
				-1,
				1.3,
				-1,
				1,
				1.6,
				-1,
				1.9,
				0.163,
				2.2,
				0.7,
				1,
				2.4,
				1,
				2.6,
				1,
				2.8,
				1,
				1,
				3.056,
				1,
				3.311,
				1,
				3.567,
				1,
				1,
				3.689,
				1,
				3.811,
				0,
				3.933,
				0,
				0,
				4.567,
				0
			]
		},
		{
			"Target": "Parameter",
			"Id": "ParamEyeBallY",
			"Segments": [
				0,
				0,
				0,
				0.033,
				0,
				1,
				0.122,
				0,
				0.211,
				0,
				0.3,
				0,
				1,
				0.467,
				0,
				0.633,
				0.5,
				0.8,
				0.5,
				1,
				0.967,
				0.5,
				1.133,
				0.4,
				1.3,
				0.4,
				1,
				1.6,
				0.4,
				1.9,
				1,
				2.2,
				1,
				1,
				2.4,
				1,
				2.6,
				-0.1,
				2.8,
				-0.1,
				1,
				3.056,
				-0.1,
				3.311,
				0,
				3.567,
				0,
				1,
				3.689,
				0,
				3.811,
				0,
				3.933,
				0,
				0,
				4.567,
				0
			]
		},
		{
			"Target": "Parameter",
			"Id": "ParamMouthForm",
			"Segments": [
				0,
				0,
				0,
				0.033,
				0,
				1,
				0.244,
				0,
				0.456,
				-0.6,
				0.667,
				-0.6,
				1,
				0.856,
				-0.6,
				1.044,
				-0.65,
				1.233,
				-0.4,
				1,
				1.5,
				-0.047,
				1.767,
				1,
				2.033,
				1,
				1,
				2.267,
				1,
				2.5,
				0.1,
				2.733,
				0.1,
				1,
				2.989,
				0.1,
				3.244,
				1,
				3.5,
				1,
				1,
				3.656,
				1,
				3.811,
				1,
				3.967,
				1,
				0,
				4.567,
				1
			]
		},
		{
			"Target": "Parameter",
			"Id": "ParamMouthOpenY",
			"Segments": [
				0,
				0,
				0,
				0.033,
				0,
				1,
				0.244,
				0,
				0.456,
				1,
				0.667,
				1,
				1,
				0.856,
				1,
				1.044,
				0.3,
				1.233,
				0.3,
				1,
				1.5,
				0.3,
				1.767,
				1,
				2.033,
				1,
				1,
				2.267,
				1,
				2.5,
				1,
				2.733,
				1,
				1,
				2.989,
				1,
				3.244,
				0.944,
				3.5,
				0.6,
				1,
				3.656,
				0.391,
				3.811,
				0,
				3.967,
				0,
				0,
				4.567,
				0
			]
		},
		{
			"Target": "Parameter",
			"Id": "ParamAngleX",
			"Segments": [
				0,
				0,
				1,
				0.056,
				0,
				0.111,
				0,
				0.167,
				0,
				1,
				0.333,
				0,
				0.5,
				-25,
				0.667,
				-25,
				1,
				0.733,
				-25,
				0.8,
				-25,
				0.867,
				-25,
				1,
				1.011,
				-25,
				1.156,
				-25,
				1.3,
				-25,
				1,
				1.4,
				-25,
				1.5,
				-25,
				1.6,
				-25,
				1,
				1.811,
				-25,
				2.022,
				25,
				2.233,
				25,
				1,
				2.589,
				25,
				2.944,
				0,
				3.3,
				0,
				0,
				4.567,
				0
			]
		},
		{
			"Target": "Parameter",
			"Id": "ParamAngleY",
			"Segments": [
				0,
				0,
				1,
				0.056,
				0,
				0.111,
				-10,
				0.167,
				-10,
				1,
				0.333,
				-10,
				0.5,
				25,
				0.667,
				25,
				1,
				0.733,
				25,
				0.8,
				25,
				0.867,
				25,
				1,
				1.011,
				25,
				1.156,
				-16,
				1.3,
				-16,
				1,
				1.4,
				-16,
				1.5,
				-16,
				1.6,
				-16,
				1,
				1.811,
				-16,
				2.022,
				19,
				2.233,
				19,
				1,
				2.589,
				19,
				2.944,
				0,
				3.3,
				0,
				0,
				4.567,
				0
			]
		},
		{
			"Target": "Parameter",
			"Id": "ParamBodyAngleX",
			"Segments": [
				0,
				0,
				1,
				0.289,
				0,
				0.578,
				-2.765,
				0.867,
				-6,
				1,
				1.089,
				-8.489,
				1.311,
				-9,
				1.533,
				-9,
				1,
				1.767,
				-9,
				2,
				9,
				2.233,
				9,
				1,
				2.478,
				9,
				2.722,
				0,
				2.967,
				0,
				0,
				4.567,
				0
			]
		},
		{
			"Target": "Parameter",
			"Id": "ParamBodyAngleY",
			"Segments": [
				0,
				0,
				1,
				0.289,
				0,
				0.578,
				8,
				0.867,
				8,
				1,
				1.044,
				8,
				1.222,
				-6,
				1.4,
				-6,
				1,
				1.678,
				-6,
				1.956,
				7,
				2.233,
				7,
				1,
				2.478,
				7,
				2.722,
				0,
				2.967,
				0,
				0,
				4.567,
				0
			]
		},
		{
			"Target": "Parameter",
			"Id": "ParamBodyAngleZ",
			"Segments": [
				0,
				0,
				1,
				0.278,
				0,
				0.556,
				-2,
				0.833,
				-2,
				1,
				1.089,
				-2,
				1.344,
				10,
				1.6,
				10,
				1,
				1.811,
				10,
				2.022,
				10,
				2.233,
				9,
				1,
				2.444,
				7.82,
				2.656,
				0,
				2.867,
				0,
				0,
				4.567,
				0
			]
		}
	]
}