{
	"Version": 3,
	"Meta": {
		"Duration": 5.9,
		"Fps": 30.0,
		"Loop": true,
		"AreBeziersRestricted": false,
		"CurveCount": 13,
		"TotalSegmentCount": 100,
		"TotalPointCount": 289,
		"UserDataCount": 0,
		"TotalUserDataSize": 0
	},
	"Curves": [
		{
			"Target": "Parameter",
			"Id": "ParamEyeLOpen",
			"Segments": [
				0,
				1,
				0,
				0.133,
				1,
				1,
				0.178,
				1,
				0.222,
				0,
				0.267,
				0,
				1,
				0.3,
				0,
				0.333,
				0,
				0.367,
				0,
				1,
				0.4,
				0,
				0.433,
				1,
				0.467,
				1,
				1,
				0.544,
				1,
				0.622,
				1,
				0.7,
				1,
				1,
				1.167,
				1,
				1.633,
				1,
				2.1,
				1,
				1,
				2.144,
				1,
				2.189,
				0,
				2.233,
				0,
				0,
				5.9,
				0
			]
		},
		{
			"Target": "Parameter",
			"Id": "ParamEyeROpen",
			"Segments": [
				0,
				1,
				0,
				0.133,
				1,
				1,
				0.178,
				1,
				0.222,
				0,
				0.267,
				0,
				1,
				0.3,
				0,
				0.333,
				0,
				0.367,
				0,
				1,
				0.4,
				0,
				0.433,
				1,
				0.467,
				1,
				1,
				0.544,
				1,
				0.622,
				1,
				0.7,
				1,
				1,
				1.167,
				1,
				1.633,
				1,
				2.1,
				1,
				1,
				2.144,
				1,
				2.189,
				0,
				2.233,
				0,
				0,
				5.9,
				0
			]
		},
		{
			"Target": "Parameter",
			"Id": "ParamBrowLY",
			"Segments": [
				0,
				0,
				1,
				0.144,
				0,
				0.289,
				0,
				0.433,
				0,
				1,
				0.444,
				0,
				0.456,
				0.075,
				0.467,
				0.075,
				1,
				0.544,
				0.075,
				0.622,
				0.075,
				0.7,
				0.075,
				1,
				0.911,
				0.075,
				1.122,
				1,
				1.333,
				1,
				0,
				5.9,
				1
			]
		},
		{
			"Target": "Parameter",
			"Id": "Param",
			"Segments": [
				0,
				0,
				1,
				0.144,
				0,
				0.289,
				0,
				0.433,
				0,
				1,
				0.444,
				0,
				0.456,
				0.08,
				0.467,
				0.08,
				1,
				0.544,
				0.08,
				0.622,
				0.08,
				0.7,
				0.08,
				1,
				0.911,
				0.08,
				1.122,
				1,
				1.333,
				1,
				0,
				5.9,
				1
			]
		},
		{
			"Target": "Parameter",
			"Id": "ParamBrowRY",
			"Segments": [
				0,
				0,
				1,
				0.144,
				0,
				0.289,
				0,
				0.433,
				0,
				1,
				0.444,
				0,
				0.456,
				0.08,
				0.467,
				0.08,
				1,
				0.544,
				0.08,
				0.622,
				0.08,
				0.7,
				0.08,
				1,
				0.911,
				0.08,
				1.122,
				1,
				1.333,
				1,
				0,
				5.9,
				1
			]
		},
		{
			"Target": "Parameter",
			"Id": "Param4",
			"Segments": [
				0,
				0,
				1,
				0.144,
				0,
				0.289,
				0,
				0.433,
				0,
				1,
				0.444,
				0,
				0.456,
				0.08,
				0.467,
				0.08,
				1,
				0.544,
				0.08,
				0.622,
				0.08,
				0.7,
				0.08,
				1,
				0.911,
				0.08,
				1.122,
				1,
				1.333,
				1,
				0,
				5.9,
				1
			]
		},
		{
			"Target": "Parameter",
			"Id": "ParamMouthForm",
			"Segments": [
				0,
				0,
				1,
				0.122,
				0,
				0.244,
				-1,
				0.367,
				-1,
				1,
				0.4,
				-1,
				0.433,
				-0.873,
				0.467,
				-0.873,
				1,
				0.544,
				-0.873,
				0.622,
				-0.873,
				0.7,
				-0.873,
				1,
				0.911,
				-0.873,
				1.122,
				-0.6,
				1.333,
				-0.6,
				1,
				1.467,
				-0.6,
				1.6,
				-0.6,
				1.733,
				-0.6,
				1,
				1.878,
				-0.6,
				2.022,
				-1,
				2.167,
				-1,
				0,
				5.9,
				-1
			]
		},
		{
			"Target": "Parameter",
			"Id": "ParamMouthOpenY",
			"Segments": [
				0,
				0,
				1,
				0.122,
				0,
				0.244,
				0.601,
				0.367,
				0.7,
				1,
				0.689,
				0.96,
				1.011,
				1,
				1.333,
				1,
				1,
				1.467,
				1,
				1.6,
				1,
				1.733,
				1,
				1,
				1.878,
				1,
				2.022,
				0,
				2.167,
				0,
				0,
				5.9,
				0
			]
		},
		{
			"Target": "Parameter",
			"Id": "ParamAngleY",
			"Segments": [
				0,
				0,
				1,
				0.022,
				0,
				0.044,
				0,
				0.067,
				0,
				1,
				0.254,
				-0.069,
				0.382,
				-3.762,
				0.467,
				-7.8,
				1,
				0.533,
				-13.768,
				0.622,
				-15,
				0.7,
				-15,
				1,
				0.889,
				-15,
				1.033,
				-8.593,
				1.267,
				-13.957,
				1,
				1.317,
				-15.107,
				1.373,
				-29.599,
				1.433,
				-29.023,
				1,
				1.555,
				-27.862,
				1.686,
				15.882,
				1.8,
				23.263,
				1,
				1.872,
				28.558,
				1.922,
				30,
				1.967,
				26.55,
				1,
				2.159,
				20.061,
				2.265,
				-21.482,
				2.467,
				-25.503,
				1,
				2.7,
				-25.503,
				2.933,
				-9.055,
				3.167,
				-9.055,
				1,
				3.411,
				-9.055,
				3.656,
				-21.715,
				3.9,
				-21.715,
				1,
				4.111,
				-21.715,
				4.322,
				-10.626,
				4.533,
				-10.626,
				1,
				4.656,
				-10.626,
				4.778,
				-16.17,
				4.9,
				-16.17,
				1,
				5.233,
				-16.17,
				5.567,
				-16.17,
				5.9,
				-16.17
			]
		},
		{
			"Target": "Parameter",
			"Id": "ParamAngleZ",
			"Segments": [
				0,
				0,
				1,
				0.022,
				0,
				0.044,
				0,
				0.067,
				0,
				1,
				0.322,
				-0.063,
				0.409,
				19.357,
				0.467,
				23.775,
				1,
				0.544,
				30,
				0.622,
				23.775,
				0.7,
				23.775,
				1,
				0.878,
				23.775,
				1.056,
				28.876,
				1.233,
				24.382,
				1,
				1.302,
				21.564,
				1.52,
				-0.574,
				1.7,
				-7.76,
				1,
				1.735,
				-9.17,
				1.769,
				-10,
				1.8,
				-10,
				1,
				2.114,
				-9.196,
				2.241,
				13.583,
				2.467,
				13.583,
				1,
				2.667,
				13.583,
				2.867,
				-4.805,
				3.067,
				-4.805,
				1,
				3.256,
				-4.805,
				3.444,
				9.425,
				3.633,
				9.425,
				1,
				3.744,
				9.425,
				3.856,
				0,
				3.967,
				0,
				1,
				4.144,
				0,
				4.322,
				4.528,
				4.5,
				4.528,
				1,
				4.967,
				4.528,
				5.433,
				4.528,
				5.9,
				4.528
			]
		},
		{
			"Target": "Parameter",
			"Id": "ParamBodyAngleX",
			"Segments": [
				0,
				0,
				0,
				0.467,
				0,
				1,
				0.544,
				0,
				0.622,
				0,
				0.7,
				0,
				0,
				5.9,
				0
			]
		},
		{
			"Target": "Parameter",
			"Id": "ParamBodyAngleY",
			"Segments": [
				0,
				0,
				1,
				0.011,
				0,
				0.022,
				0,
				0.033,
				0,
				1,
				0.256,
				0,
				0.478,
				-9.52,
				0.7,
				-9.52,
				1,
				0.876,
				-9.654,
				1.257,
				-2.75,
				1.667,
				8.414,
				1,
				1.718,
				9.471,
				1.767,
				9.927,
				1.8,
				9.927,
				1,
				1.846,
				9.927,
				1.889,
				9.683,
				1.933,
				8.414,
				1,
				2.069,
				2.171,
				2.115,
				-8.955,
				2.467,
				-8.959,
				1,
				2.678,
				-8.959,
				2.889,
				-4.094,
				3.1,
				-4.094,
				1,
				3.256,
				-4.094,
				3.411,
				-8.959,
				3.567,
				-8.959,
				1,
				3.744,
				-8.959,
				3.922,
				-5.247,
				4.1,
				-5.247,
				1,
				4.267,
				-5.247,
				4.433,
				-7.568,
				4.6,
				-7.568,
				1,
				4.667,
				-7.568,
				4.733,
				-6.272,
				4.8,
				-6.272,
				1,
				5.167,
				-6.272,
				5.533,
				-6.272,
				5.9,
				-6.272
			]
		},
		{
			"Target": "Parameter",
			"Id": "ParamBodyAngleZ",
			"Segments": [
				0,
				0,
				1,
				0.022,
				0,
				0.044,
				0,
				0.067,
				0,
				1,
				0.19,
				0,
				0.362,
				-4.415,
				0.467,
				-6.98,
				1,
				0.544,
				-10,
				0.622,
				-6.98,
				0.7,
				-6.98,
				1,
				0.878,
				-6.98,
				1.056,
				-5.179,
				1.233,
				-8.522,
				1,
				1.349,
				-6.249,
				1.841,
				9.359,
				2.033,
				9.359,
				1,
				2.332,
				9.359,
				2.545,
				-9.257,
				2.733,
				-9.257,
				1,
				2.978,
				-9.257,
				3.222,
				-1.257,
				3.467,
				-1.257,
				1,
				3.678,
				-1.257,
				3.889,
				-6.773,
				4.1,
				-6.773,
				1,
				4.267,
				-6.773,
				4.433,
				-3.166,
				4.6,
				-3.166,
				1,
				4.733,
				-3.166,
				4.867,
				-5.216,
				5,
				-5.216,
				1,
				5.156,
				-5.216,
				5.311,
				-4.312,
				5.467,
				-4.312,
				1,
				5.611,
				-4.312,
				5.756,
				-4.312,
				5.9,
				-4.312
			]
		}
	]
}