{
	"Version": 3,
	"Meta": {
		"Duration": 5.433,
		"Fps": 30.0,
		"Loop": true,
		"AreBeziersRestricted": true,
		"CurveCount": 7,
		"TotalSegmentCount": 35,
		"TotalPointCount": 90,
		"UserDataCount": 0,
		"TotalUserDataSize": 0
	},
	"Curves": [
		{
			"Target": "Parameter",
			"Id": "Param120",
			"Segments": [
				0,
				0,
				0,
				5.433,
				0
			]
		},
		{
			"Target": "Parameter",
			"Id": "Param105",
			"Segments": [
				0,
				0,
				1,
				0.167,
				0,
				0.333,
				1,
				0.5,
				1,
				1,
				2.022,
				1,
				3.544,
				1,
				5.067,
				1,
				1,
				5.189,
				1,
				5.311,
				0,
				5.433,
				0
			]
		},
		{
			"Target": "Parameter",
			"Id": "Param100",
			"Segments": [
				0,
				1,
				0,
				0.267,
				1,
				0,
				1.5,
				0.5,
				0,
				2.667,
				1,
				0,
				3.9,
				0.5,
				0,
				5.067,
				1,
				0,
				5.433,
				1
			]
		},
		{
			"Target": "Parameter",
			"Id": "Param101",
			"Segments": [
				0,
				0,
				1,
				0.311,
				0,
				0.622,
				0.5,
				0.933,
				0.5,
				1,
				1.244,
				0.5,
				1.556,
				-0.4,
				1.867,
				-0.4,
				1,
				2.133,
				-0.4,
				2.4,
				-0.314,
				2.667,
				0,
				1,
				2.889,
				0.262,
				3.111,
				0.5,
				3.333,
				0.5,
				1,
				3.644,
				0.5,
				3.956,
				-0.4,
				4.267,
				-0.4,
				1,
				4.533,
				-0.4,
				4.8,
				0,
				5.067,
				0,
				0,
				5.433,
				0
			]
		},
		{
			"Target": "Parameter",
			"Id": "Param102",
			"Segments": [
				0,
				1,
				0,
				0.167,
				1,
				1,
				0.389,
				1,
				0.611,
				0,
				0.833,
				0,
				1,
				1.356,
				0,
				1.878,
				1,
				2.4,
				1,
				1,
				2.811,
				1,
				3.222,
				0,
				3.633,
				0,
				1,
				3.978,
				0,
				4.322,
				1,
				4.667,
				1,
				1,
				4.922,
				1,
				5.178,
				0.5,
				5.433,
				0.5
			]
		},
		{
			"Target": "Parameter",
			"Id": "Param103",
			"Segments": [
				0,
				1,
				0,
				0.167,
				1,
				1,
				0.433,
				1,
				0.7,
				0,
				0.967,
				0,
				1,
				1.478,
				0,
				1.989,
				1,
				2.5,
				1,
				1,
				2.911,
				1,
				3.322,
				0,
				3.733,
				0,
				1,
				4.078,
				0,
				4.422,
				1,
				4.767,
				1,
				1,
				4.989,
				1,
				5.211,
				0.5,
				5.433,
				0.5
			]
		},
		{
			"Target": "Parameter",
			"Id": "Param104",
			"Segments": [
				0,
				1,
				0,
				0.167,
				1,
				1,
				0.478,
				1,
				0.789,
				0,
				1.1,
				0,
				1,
				1.622,
				0,
				2.144,
				1,
				2.667,
				1,
				1,
				3.078,
				1,
				3.489,
				0,
				3.9,
				0,
				1,
				4.244,
				0,
				4.589,
				1,
				4.933,
				1,
				1,
				5.1,
				1,
				5.267,
				0.5,
				5.433,
				0.5
			]
		}
	]
}