{
	"Version": 3,
	"Meta": {
		"Duration": 8,
		"Fps": 30.0,
		"Loop": true,
		"AreBeziersRestricted": true,
		"CurveCount": 23,
		"TotalSegmentCount": 136,
		"TotalPointCount": 363,
		"UserDataCount": 0,
		"TotalUserDataSize": 0
	},
	"Curves": [
		{
			"Target": "Parameter",
			"Id": "Param63",
			"Segments": [
				0,
				0,
				1,
				0.211,
				0,
				0.422,
				1,
				0.633,
				1,
				0,
				8,
				1
			]
		},
		{
			"Target": "Parameter",
			"Id": "Param127",
			"Segments": [
				0,
				0,
				1,
				0.111,
				0,
				0.222,
				1,
				0.333,
				1,
				1,
				1.589,
				1,
				2.844,
				1,
				4.1,
				1,
				1,
				4.256,
				1,
				4.411,
				0,
				4.567,
				0,
				0,
				8,
				0
			]
		},
		{
			"Target": "Parameter",
			"Id": "Param93",
			"Segments": [
				0,
				0,
				0,
				8,
				0
			]
		},
		{
			"Target": "Parameter",
			"Id": "Param94",
			"Segments": [
				0,
				1,
				1,
				0.211,
				1,
				0.422,
				0,
				0.633,
				0,
				1,
				0.889,
				0,
				1.144,
				1,
				1.4,
				1,
				1,
				1.667,
				1,
				1.933,
				-0.4,
				2.2,
				-0.4,
				1,
				2.489,
				-0.4,
				2.778,
				1,
				3.067,
				1,
				1,
				3.411,
				1,
				3.756,
				-0.4,
				4.1,
				-0.4,
				1,
				4.322,
				-0.4,
				4.544,
				1,
				4.767,
				1,
				0,
				8,
				1
			]
		},
		{
			"Target": "Parameter",
			"Id": "Param96",
			"Segments": [
				0,
				0,
				1,
				0.067,
				0,
				0.133,
				0.8,
				0.2,
				0.8,
				1,
				0.367,
				0.8,
				0.533,
				-0.431,
				0.7,
				-0.6,
				1,
				0.833,
				-0.735,
				0.967,
				-0.7,
				1.1,
				-0.7,
				1,
				1.333,
				-0.7,
				1.567,
				0.6,
				1.8,
				0.6,
				1,
				2.067,
				0.6,
				2.333,
				-0.7,
				2.6,
				-0.7,
				1,
				2.911,
				-0.7,
				3.222,
				0.6,
				3.533,
				0.6,
				1,
				3.922,
				0.6,
				4.311,
				-0.7,
				4.7,
				-0.7,
				1,
				5.011,
				-0.7,
				5.322,
				0.6,
				5.633,
				0.6,
				1,
				6,
				0.6,
				6.367,
				-0.7,
				6.733,
				-0.7,
				1,
				7.044,
				-0.7,
				7.356,
				0.6,
				7.667,
				0.6,
				0,
				8,
				0.6
			]
		},
		{
			"Target": "Parameter",
			"Id": "Param97",
			"Segments": [
				0,
				0,
				1,
				0.067,
				0,
				0.133,
				0.7,
				0.2,
				0.7,
				1,
				0.356,
				0.7,
				0.511,
				0.332,
				0.667,
				-0.1,
				1,
				0.811,
				-0.501,
				0.956,
				-0.6,
				1.1,
				-0.6,
				1,
				1.367,
				-0.6,
				1.633,
				0.8,
				1.9,
				0.8,
				1,
				2.1,
				0.8,
				2.3,
				0.817,
				2.5,
				0.6,
				1,
				2.678,
				0.407,
				2.856,
				-0.4,
				3.033,
				-0.4,
				1,
				3.289,
				-0.4,
				3.544,
				0.7,
				3.8,
				0.7,
				1,
				4.067,
				0.7,
				4.333,
				0.706,
				4.6,
				0.6,
				1,
				4.778,
				0.529,
				4.956,
				-0.4,
				5.133,
				-0.4,
				1,
				5.356,
				-0.4,
				5.578,
				0.7,
				5.8,
				0.7,
				1,
				6.078,
				0.7,
				6.356,
				0.705,
				6.633,
				0.6,
				1,
				6.811,
				0.533,
				6.989,
				-0.4,
				7.167,
				-0.4,
				1,
				7.422,
				-0.4,
				7.678,
				0.7,
				7.933,
				0.7,
				0,
				8,
				0.7
			]
		},
		{
			"Target": "Parameter",
			"Id": "Param98",
			"Segments": [
				0,
				0,
				1,
				0.167,
				0,
				0.333,
				1,
				0.5,
				1,
				1,
				0.811,
				1,
				1.122,
				-0.3,
				1.433,
				-0.3,
				1,
				1.7,
				-0.3,
				1.967,
				0.6,
				2.233,
				0.6,
				1,
				2.522,
				0.6,
				2.811,
				0.3,
				3.1,
				0.3,
				1,
				3.356,
				0.3,
				3.611,
				0.7,
				3.867,
				0.7,
				1,
				4.022,
				0.7,
				4.178,
				0.689,
				4.333,
				0.6,
				1,
				4.622,
				0.435,
				4.911,
				0.3,
				5.2,
				0.3,
				1,
				5.456,
				0.3,
				5.711,
				0.7,
				5.967,
				0.7,
				1,
				6.1,
				0.7,
				6.233,
				0.682,
				6.367,
				0.6,
				1,
				6.656,
				0.422,
				6.944,
				0.3,
				7.233,
				0.3,
				1,
				7.489,
				0.3,
				7.744,
				1,
				8,
				1
			]
		},
		{
			"Target": "Parameter",
			"Id": "Param128",
			"Segments": [
				0,
				-1,
				0,
				4.3,
				-1,
				1,
				4.611,
				-1,
				4.922,
				0,
				5.233,
				0,
				0,
				8,
				0
			]
		},
		{
			"Target": "Parameter",
			"Id": "ParamEyeLOpen",
			"Segments": [
				0,
				1,
				1,
				0.111,
				1,
				0.222,
				1,
				0.333,
				1,
				1,
				0.5,
				1,
				0.667,
				0,
				0.833,
				0,
				1,
				1.944,
				0,
				3.056,
				0,
				4.167,
				0,
				1,
				4.367,
				0,
				4.567,
				1,
				4.767,
				1,
				0,
				8,
				1
			]
		},
		{
			"Target": "Parameter",
			"Id": "ParamEyeLSmile",
			"Segments": [
				0,
				0,
				0,
				8,
				0
			]
		},
		{
			"Target": "Parameter",
			"Id": "ParamEyeROpen",
			"Segments": [
				0,
				1,
				1,
				0.111,
				1,
				0.222,
				1,
				0.333,
				1,
				1,
				0.5,
				1,
				0.667,
				0,
				0.833,
				0,
				1,
				1.944,
				0,
				3.056,
				0,
				4.167,
				0,
				1,
				4.367,
				0,
				4.567,
				1,
				4.767,
				1,
				0,
				8,
				1
			]
		},
		{
			"Target": "Parameter",
			"Id": "ParamEyeRSmile",
			"Segments": [
				0,
				0,
				0,
				8,
				0
			]
		},
		{
			"Target": "Parameter",
			"Id": "ParamMouthForm",
			"Segments": [
				0,
				0,
				0,
				0.3,
				0,
				1,
				0.511,
				0,
				0.722,
				1,
				0.933,
				1,
				1,
				1.189,
				1,
				1.444,
				0.022,
				1.7,
				-0.5,
				1,
				1.944,
				-1,
				2.189,
				-1,
				2.433,
				-1,
				1,
				2.744,
				-1,
				3.056,
				1,
				3.367,
				1,
				1,
				3.622,
				1,
				3.878,
				-0.4,
				4.133,
				-0.4,
				1,
				4.344,
				-0.4,
				4.556,
				0,
				4.767,
				0,
				0,
				8,
				0
			]
		},
		{
			"Target": "Parameter",
			"Id": "ParamMouthOpenY",
			"Segments": [
				0,
				0,
				0,
				0.3,
				0,
				1,
				0.511,
				0,
				0.722,
				0.24,
				0.933,
				0.5,
				1,
				1.189,
				0.815,
				1.444,
				0.9,
				1.7,
				0.9,
				1,
				1.944,
				0.9,
				2.189,
				0.1,
				2.433,
				0.1,
				1,
				2.744,
				0.1,
				3.056,
				0.096,
				3.367,
				0.3,
				1,
				3.622,
				0.467,
				3.878,
				1,
				4.133,
				1,
				1,
				4.344,
				1,
				4.556,
				0,
				4.767,
				0,
				0,
				8,
				0
			]
		},
		{
			"Target": "Parameter",
			"Id": "ParamAngleX",
			"Segments": [
				0,
				0,
				0,
				0.233,
				0,
				1,
				0.467,
				0,
				0.7,
				0,
				0.933,
				0,
				1,
				1.111,
				0,
				1.289,
				23,
				1.467,
				23,
				1,
				1.711,
				23,
				1.956,
				-21,
				2.2,
				-21,
				1,
				2.522,
				-21,
				2.844,
				20,
				3.167,
				20,
				1,
				3.411,
				20,
				3.656,
				-22,
				3.9,
				-22,
				1,
				4.189,
				-22,
				4.478,
				0,
				4.767,
				0,
				0,
				8,
				0
			]
		},
		{
			"Target": "Parameter",
			"Id": "ParamAngleY",
			"Segments": [
				0,
				0,
				0,
				0.233,
				0,
				1,
				0.4,
				0,
				0.567,
				22,
				0.733,
				22,
				1,
				0.833,
				22,
				0.933,
				-6,
				1.033,
				-6,
				1,
				2.278,
				-6,
				3.522,
				0,
				4.767,
				0,
				0,
				8,
				0
			]
		},
		{
			"Target": "Parameter",
			"Id": "Param110",
			"Segments": [
				0,
				0,
				0,
				0.233,
				0,
				1,
				0.5,
				0,
				0.767,
				-0.6,
				1.033,
				-0.6,
				1,
				2.278,
				-0.6,
				3.522,
				0,
				4.767,
				0,
				0,
				8,
				0
			]
		},
		{
			"Target": "Parameter",
			"Id": "ParamAngleZ",
			"Segments": [
				0,
				0,
				0,
				0.233,
				0,
				1,
				0.6,
				0,
				0.967,
				14,
				1.333,
				14,
				1,
				1.622,
				14,
				1.911,
				-21,
				2.2,
				-21,
				1,
				2.522,
				-21,
				2.844,
				19,
				3.167,
				19,
				1,
				3.444,
				19,
				3.722,
				-19,
				4,
				-19,
				1,
				4.256,
				-19,
				4.511,
				0,
				4.767,
				0,
				0,
				8,
				0
			]
		},
		{
			"Target": "Parameter",
			"Id": "Param253",
			"Segments": [
				0,
				0,
				0,
				0.767,
				0,
				1,
				0.956,
				0,
				1.144,
				0,
				1.333,
				0,
				0,
				8,
				0
			]
		},
		{
			"Target": "Parameter",
			"Id": "ParamBodyAngleX",
			"Segments": [
				0,
				0,
				0,
				0.167,
				0,
				1,
				0.478,
				0,
				0.789,
				0,
				1.1,
				0,
				1,
				1.244,
				0,
				1.389,
				-7,
				1.533,
				-7,
				1,
				1.767,
				-7,
				2,
				8,
				2.233,
				8,
				1,
				2.5,
				8,
				2.767,
				-8,
				3.033,
				-8,
				1,
				3.333,
				-8,
				3.633,
				8,
				3.933,
				8,
				1,
				4.122,
				8,
				4.311,
				-8,
				4.5,
				-8,
				1,
				4.633,
				-8,
				4.767,
				0,
				4.9,
				0,
				0,
				8,
				0
			]
		},
		{
			"Target": "Parameter",
			"Id": "ParamBodyAngleY",
			"Segments": [
				0,
				0,
				0,
				0.167,
				0,
				1,
				0.311,
				0,
				0.456,
				6,
				0.6,
				6,
				1,
				0.833,
				6,
				1.067,
				-10,
				1.3,
				-10,
				0,
				8,
				-10
			]
		},
		{
			"Target": "Parameter",
			"Id": "ParamBodyAngleZ",
			"Segments": [
				0,
				0,
				0,
				0.167,
				0,
				1,
				0.322,
				0,
				0.478,
				0,
				0.633,
				0,
				1,
				0.922,
				0,
				1.211,
				-6,
				1.5,
				-6,
				1,
				1.8,
				-6,
				2.1,
				8,
				2.4,
				8,
				1,
				2.722,
				8,
				3.044,
				-6,
				3.367,
				-6,
				1,
				3.7,
				-6,
				4.033,
				8,
				4.367,
				8,
				1,
				4.5,
				8,
				4.633,
				0,
				4.767,
				0,
				0,
				8,
				0
			]
		},
		{
			"Target": "Parameter",
			"Id": "ParamBodyAngleZ2",
			"Segments": [
				0,
				0,
				0,
				0.633,
				0,
				1,
				0.922,
				0,
				1.211,
				-6,
				1.5,
				-6,
				1,
				1.778,
				-6,
				2.056,
				5,
				2.333,
				5,
				1,
				2.678,
				5,
				3.022,
				-7,
				3.367,
				-7,
				1,
				3.7,
				-7,
				4.033,
				7,
				4.367,
				7,
				1,
				4.544,
				7,
				4.722,
				0,
				4.9,
				0,
				0,
				8,
				0
			]
		}
	]
}