{
	"Version": 3,
	"Meta": {
		"Duration": 3.133,
		"Fps": 30.0,
		"Loop": true,
		"AreBeziersRestricted": false,
		"CurveCount": 6,
		"TotalSegmentCount": 17,
		"TotalPointCount": 57,
		"UserDataCount": 0,
		"TotalUserDataSize": 0
	},
	"Curves": [
		{
			"Target": "Parameter",
			"Id": "Param115",
			"Segments": [
				0,
				-0.925,
				1,
				0.056,
				-0.973,
				0.111,
				-1,
				0.167,
				-1,
				1,
				0.711,
				-1,
				1.256,
				1,
				1.8,
				1,
				1,
				2.244,
				1,
				2.689,
				-0.449,
				3.133,
				-0.88
			]
		},
		{
			"Target": "Parameter",
			"Id": "Param_Angle_Rotation29",
			"Segments": [
				0,
				-20,
				1,
				0.544,
				-20,
				1.089,
				20,
				1.633,
				20,
				1,
				2.133,
				20,
				2.633,
				-16.668,
				3.133,
				-19.789
			]
		},
		{
			"Target": "Parameter",
			"Id": "Param_Angle_Rotation30",
			"Segments": [
				0,
				-18.503,
				1,
				0.056,
				-19.459,
				0.111,
				-20,
				0.167,
				-20,
				1,
				0.711,
				-20,
				1.256,
				20,
				1.8,
				20,
				1,
				2.244,
				20,
				2.689,
				-8.972,
				3.133,
				-17.602
			]
		},
		{
			"Target": "Parameter",
			"Id": "Param_Angle_Rotation31",
			"Segments": [
				0,
				-14.516,
				1,
				0.111,
				-17.837,
				0.222,
				-20,
				0.333,
				-20,
				1,
				0.878,
				-20,
				1.422,
				20,
				1.967,
				20,
				1,
				2.356,
				20,
				2.744,
				-2.182,
				3.133,
				-13.509
			]
		},
		{
			"Target": "Parameter",
			"Id": "Param_Angle_Rotation32",
			"Segments": [
				0,
				-8.793,
				1,
				0.167,
				-15.132,
				0.333,
				-20,
				0.5,
				-20,
				1,
				1.044,
				-20,
				1.589,
				20,
				2.133,
				20,
				1,
				2.467,
				20,
				2.8,
				3.703,
				3.133,
				-8.086
			]
		},
		{
			"Target": "Parameter",
			"Id": "Param_Angle_Rotation33",
			"Segments": [
				0,
				-2.09,
				1,
				0.222,
				-11.347,
				0.444,
				-20,
				0.667,
				-20,
				1,
				1.211,
				-20,
				1.756,
				20,
				2.3,
				20,
				1,
				2.578,
				20,
				2.856,
				8.683,
				3.133,
				-1.912
			]
		}
	]
}