{
	"Version": 3,
	"Meta": {
		"Duration": 5,
		"Fps": 30.0,
		"Loop": true,
		"AreBeziersRestricted": false,
		"CurveCount": 11,
		"TotalSegmentCount": 98,
		"TotalPointCount": 283,
		"UserDataCount": 0,
		"TotalUserDataSize": 0
	},
	"Curves": [
		{
			"Target": "Parameter",
			"Id": "ParamEyeLOpen",
			"Segments": [
				0,
				1,
				1,
				0.289,
				1,
				0.578,
				1,
				0.867,
				1,
				1,
				0.889,
				1,
				0.911,
				0,
				0.933,
				0,
				1,
				1.989,
				0,
				3.044,
				0,
				4.1,
				0,
				1,
				4.233,
				0,
				4.367,
				1,
				4.5,
				1,
				0,
				5,
				1
			]
		},
		{
			"Target": "Parameter",
			"Id": "ParamEyeROpen",
			"Segments": [
				0,
				1,
				1,
				0.289,
				1,
				0.578,
				1,
				0.867,
				1,
				1,
				0.889,
				1,
				0.911,
				0,
				0.933,
				0,
				1,
				1.989,
				0,
				3.044,
				0,
				4.1,
				0,
				1,
				4.233,
				0,
				4.367,
				1,
				4.5,
				1,
				0,
				5,
				1
			]
		},
		{
			"Target": "Parameter",
			"Id": "ParamMouthForm",
			"Segments": [
				0,
				0,
				1,
				0.089,
				0,
				0.178,
				-1,
				0.267,
				-1,
				1,
				0.344,
				-1,
				0.422,
				0.5,
				0.5,
				0.5,
				1,
				0.6,
				0.5,
				0.7,
				0.5,
				0.8,
				0.5,
				1,
				0.889,
				0.5,
				0.978,
				-1,
				1.067,
				-1,
				0,
				5,
				-1
			]
		},
		{
			"Target": "Parameter",
			"Id": "ParamMouthOpenY",
			"Segments": [
				0,
				0,
				1,
				0.089,
				0,
				0.178,
				0,
				0.267,
				0,
				1,
				0.344,
				0,
				0.422,
				0.9,
				0.5,
				0.9,
				1,
				0.6,
				0.9,
				0.7,
				0.9,
				0.8,
				0.9,
				1,
				0.889,
				0.9,
				0.978,
				0,
				1.067,
				0,
				0,
				5,
				0
			]
		},
		{
			"Target": "Parameter",
			"Id": "ParamAngleX",
			"Segments": [
				0,
				0,
				1,
				0.122,
				0,
				0.244,
				0,
				0.367,
				0,
				1,
				0.489,
				0,
				0.611,
				-2.656,
				0.733,
				-2.656,
				1,
				0.856,
				-2.656,
				0.978,
				8.97,
				1.1,
				8.97,
				1,
				1.189,
				8.97,
				1.278,
				-24.197,
				1.367,
				-24.197,
				1,
				1.444,
				-24.197,
				1.522,
				25.677,
				1.6,
				25.677,
				1,
				1.689,
				25.677,
				1.778,
				-23.239,
				1.867,
				-23.239,
				1,
				1.944,
				-23.239,
				2.022,
				25.4,
				2.1,
				25.4,
				1,
				2.2,
				25.4,
				2.3,
				-23.239,
				2.4,
				-23.239,
				1,
				2.478,
				-23.239,
				2.556,
				19.986,
				2.633,
				19.986,
				1,
				2.756,
				19.986,
				2.878,
				-15.078,
				3,
				-15.078,
				1,
				3.1,
				-15.078,
				3.2,
				13.686,
				3.3,
				13.686,
				1,
				3.378,
				13.686,
				3.456,
				-9.468,
				3.533,
				-9.468,
				1,
				3.633,
				-9.468,
				3.733,
				0,
				3.833,
				0,
				0,
				5,
				0
			]
		},
		{
			"Target": "Parameter",
			"Id": "ParamAngleY",
			"Segments": [
				0,
				0,
				1,
				0.078,
				0,
				0.156,
				-7.789,
				0.233,
				-7.789,
				1,
				0.356,
				-7.789,
				0.478,
				8.16,
				0.6,
				8.16,
				1,
				0.7,
				8.16,
				0.8,
				-11.004,
				0.9,
				-21,
				1,
				0.989,
				-29.885,
				1.078,
				-30,
				1.167,
				-30,
				1,
				2.2,
				-30,
				3.233,
				-30,
				4.267,
				-30,
				1,
				4.456,
				-30,
				4.644,
				0,
				4.833,
				0,
				0,
				5,
				0
			]
		},
		{
			"Target": "Parameter",
			"Id": "ParamAngleZ",
			"Segments": [
				0,
				0,
				1,
				0.156,
				0,
				0.311,
				0,
				0.467,
				0,
				1,
				0.611,
				0,
				0.756,
				1.626,
				0.9,
				1.626,
				1,
				0.989,
				1.626,
				1.078,
				-5.962,
				1.167,
				-5.962,
				1,
				1.256,
				-5.962,
				1.344,
				7.199,
				1.433,
				7.199,
				1,
				1.511,
				7.199,
				1.589,
				-5.92,
				1.667,
				-5.92,
				1,
				1.767,
				-5.92,
				1.867,
				7.178,
				1.967,
				7.178,
				1,
				2.056,
				7.178,
				2.144,
				-5.879,
				2.233,
				-5.879,
				1,
				2.322,
				-5.879,
				2.411,
				7.116,
				2.5,
				7.116,
				1,
				2.589,
				7.116,
				2.678,
				-3.712,
				2.767,
				-3.712,
				1,
				2.889,
				-3.712,
				3.011,
				5.521,
				3.133,
				5.521,
				1,
				3.2,
				5.521,
				3.267,
				-2.273,
				3.333,
				-2.273,
				1,
				3.433,
				-2.273,
				3.533,
				0.139,
				3.633,
				0.139,
				0,
				5,
				0.139
			]
		},
		{
			"Target": "Parameter",
			"Id": "ParamBodyAngleX",
			"Segments": [
				0,
				0,
				1,
				0.164,
				0,
				0.401,
				2.861,
				0.6,
				2.324,
				1,
				0.722,
				2.324,
				0.844,
				-2.721,
				0.967,
				-2.721,
				1,
				1.056,
				-2.721,
				1.144,
				4.888,
				1.233,
				4.888,
				1,
				1.291,
				4.888,
				1.439,
				-4.682,
				1.533,
				-4.682,
				1,
				1.61,
				-4.682,
				1.601,
				4.56,
				1.733,
				4.561,
				1,
				1.796,
				4.56,
				1.939,
				-3.897,
				2.033,
				-3.897,
				1,
				2.11,
				-3.897,
				2.093,
				4.761,
				2.267,
				4.761,
				1,
				2.38,
				4.763,
				2.423,
				-3.897,
				2.5,
				-3.897,
				1,
				2.611,
				-3.897,
				2.722,
				4.184,
				2.833,
				4.184,
				1,
				2.956,
				4.184,
				3.078,
				-2.902,
				3.2,
				-2.902,
				1,
				3.289,
				-2.902,
				3.378,
				2.003,
				3.467,
				2.003,
				1,
				3.611,
				2.003,
				3.756,
				0,
				3.9,
				0,
				0,
				5,
				0
			]
		},
		{
			"Target": "Parameter",
			"Id": "ParamBodyAngleY",
			"Segments": [
				0,
				0,
				1,
				0.189,
				0,
				0.378,
				9,
				0.567,
				9,
				1,
				0.711,
				9,
				0.856,
				-10,
				1,
				-10,
				1,
				1.111,
				-10,
				1.222,
				-7.571,
				1.333,
				-7.571,
				0,
				5,
				-7.571
			]
		},
		{
			"Target": "Parameter",
			"Id": "ParamBodyAngleZ",
			"Segments": [
				0,
				0,
				1,
				0.2,
				0,
				0.4,
				-5,
				0.6,
				-5,
				1,
				0.711,
				-5,
				0.822,
				4.609,
				0.933,
				4.609,
				1,
				1.011,
				4.609,
				1.089,
				-5,
				1.167,
				-5,
				1,
				1.256,
				-5,
				1.344,
				5.641,
				1.433,
				5.641,
				1,
				1.511,
				5.641,
				1.589,
				-5.9,
				1.667,
				-5.9,
				1,
				1.767,
				-5.9,
				1.867,
				5.423,
				1.967,
				5.423,
				1,
				2.044,
				5.423,
				2.122,
				-5.641,
				2.2,
				-5.641,
				1,
				2.289,
				-5.641,
				2.378,
				5.165,
				2.467,
				5.165,
				1,
				2.533,
				5.165,
				2.6,
				-5.165,
				2.667,
				-5.165,
				1,
				2.8,
				-5.165,
				2.933,
				4.784,
				3.067,
				4.784,
				1,
				3.167,
				4.784,
				3.267,
				-3.057,
				3.367,
				-3.057,
				1,
				3.456,
				-3.057,
				3.544,
				1.635,
				3.633,
				1.635,
				1,
				3.678,
				1.635,
				3.722,
				0.138,
				3.767,
				0.138,
				0,
				5,
				0.138
			]
		},
		{
			"Target": "Parameter",
			"Id": "ParamBodyAngleZ2",
			"Segments": [
				0,
				0,
				1,
				0.222,
				0,
				0.444,
				2.908,
				0.667,
				2.908,
				1,
				0.811,
				2.908,
				0.956,
				-2.033,
				1.1,
				-2.033,
				1,
				1.178,
				-2.033,
				1.256,
				4.58,
				1.333,
				4.58,
				1,
				1.422,
				4.58,
				1.511,
				-4.288,
				1.6,
				-4.288,
				1,
				1.689,
				-4.288,
				1.778,
				4.297,
				1.867,
				4.297,
				1,
				1.956,
				4.297,
				2.044,
				-3.469,
				2.133,
				-3.469,
				1,
				2.222,
				-3.469,
				2.311,
				4.069,
				2.4,
				4.069,
				1,
				2.467,
				4.069,
				2.533,
				-3.04,
				2.6,
				-3.04,
				1,
				2.722,
				-3.04,
				2.844,
				3.687,
				2.967,
				3.687,
				1,
				3.089,
				3.687,
				3.211,
				-2.592,
				3.333,
				-2.592,
				1,
				3.444,
				-2.592,
				3.556,
				1.914,
				3.667,
				1.914,
				1,
				3.822,
				1.914,
				3.978,
				0,
				4.133,
				0,
				0,
				5,
				0
			]
		}
	]
}