{
	"Version": 3,
	"Meta": {
		"Duration": 6.4,
		"Fps": 30.0,
		"Loop": true,
		"AreBeziersRestricted": true,
		"CurveCount": 33,
		"TotalSegmentCount": 172,
		"TotalPointCount": 465,
		"UserDataCount": 0,
		"TotalUserDataSize": 0
	},
	"Curves": [
		{
			"Target": "Parameter",
			"Id": "Param99",
			"Segments": [
				0,
				0,
				1,
				0.233,
				0,
				0.467,
				1,
				0.7,
				1,
				0,
				6.4,
				1
			]
		},
		{
			"Target": "Parameter",
			"Id": "Param119",
			"Segments": [
				0,
				0,
				1,
				0.2,
				0,
				0.4,
				0.6,
				0.6,
				0.6,
				1,
				0.689,
				0.6,
				0.778,
				0.3,
				0.867,
				0.3,
				1,
				1.067,
				0.3,
				1.267,
				1,
				1.467,
				1,
				0,
				6.4,
				1
			]
		},
		{
			"Target": "Parameter",
			"Id": "Param120",
			"Segments": [
				0,
				0,
				1,
				0.144,
				0,
				0.289,
				0.405,
				0.433,
				0.7,
				1,
				0.533,
				0.904,
				0.633,
				0.9,
				0.733,
				0.9,
				1,
				0.978,
				0.9,
				1.222,
				0.9,
				1.467,
				0.9,
				0,
				6.4,
				0.9
			]
		},
		{
			"Target": "Parameter",
			"Id": "Param122",
			"Segments": [
				0,
				0,
				1,
				0.089,
				0,
				0.178,
				1,
				0.267,
				1,
				0,
				6.4,
				1
			]
		},
		{
			"Target": "Parameter",
			"Id": "Param121",
			"Segments": [
				0,
				0,
				1,
				0.011,
				0,
				0.022,
				1,
				0.033,
				1,
				1,
				0.167,
				1,
				0.3,
				1,
				0.433,
				1,
				0,
				6.4,
				1
			]
		},
		{
			"Target": "Parameter",
			"Id": "Param123",
			"Segments": [
				0,
				-1,
				0,
				0.433,
				-1,
				1,
				0.589,
				-1,
				0.744,
				1,
				0.9,
				1,
				1,
				0.978,
				1,
				1.056,
				-0.3,
				1.133,
				-0.3,
				1,
				1.222,
				-0.3,
				1.311,
				0.3,
				1.4,
				0.3,
				1,
				1.422,
				0.3,
				1.444,
				0,
				1.467,
				0,
				0,
				6.4,
				0
			]
		},
		{
			"Target": "Parameter",
			"Id": "Param125",
			"Segments": [
				0,
				0,
				0,
				2.6,
				0,
				1,
				2.7,
				0,
				2.8,
				-0.6,
				2.9,
				-0.6,
				1,
				3.033,
				-0.6,
				3.167,
				0.6,
				3.3,
				0.6,
				1,
				3.433,
				0.6,
				3.567,
				-0.8,
				3.7,
				-0.8,
				1,
				3.822,
				-0.8,
				3.944,
				0.7,
				4.067,
				0.7,
				1,
				4.211,
				0.7,
				4.356,
				-0.6,
				4.5,
				-0.6,
				1,
				4.644,
				-0.6,
				4.789,
				0.7,
				4.933,
				0.7,
				1,
				5.1,
				0.7,
				5.267,
				0,
				5.433,
				0,
				0,
				6.4,
				0
			]
		},
		{
			"Target": "Parameter",
			"Id": "Param124",
			"Segments": [
				0,
				0,
				0,
				2.067,
				0,
				1,
				2.2,
				0,
				2.333,
				1,
				2.467,
				1,
				1,
				2.611,
				1,
				2.756,
				1,
				2.9,
				1,
				0,
				6.4,
				1
			]
		},
		{
			"Target": "Parameter",
			"Id": "Param126",
			"Segments": [
				0,
				0,
				0,
				2.633,
				0,
				1,
				2.722,
				0,
				2.811,
				-0.7,
				2.9,
				-0.7,
				1,
				3.122,
				-0.7,
				3.344,
				0.2,
				3.567,
				0.2,
				1,
				3.722,
				0.2,
				3.878,
				-0.7,
				4.033,
				-0.7,
				1,
				4.189,
				-0.7,
				4.344,
				0.6,
				4.5,
				0.6,
				1,
				4.667,
				0.6,
				4.833,
				-0.7,
				5,
				-0.7,
				1,
				5.144,
				-0.7,
				5.289,
				0,
				5.433,
				0,
				0,
				6.4,
				0
			]
		},
		{
			"Target": "Parameter",
			"Id": "ParamEyeLOpen",
			"Segments": [
				0,
				1,
				0,
				1.767,
				1,
				1,
				1.911,
				1,
				2.056,
				0,
				2.2,
				0,
				1,
				3.1,
				0,
				4,
				0,
				4.9,
				0,
				1,
				5.222,
				0,
				5.544,
				2,
				5.867,
				2,
				0,
				6.4,
				2
			]
		},
		{
			"Target": "Parameter",
			"Id": "ParamEyeLSmile",
			"Segments": [
				0,
				0,
				0,
				0.867,
				0,
				1,
				1.167,
				0,
				1.467,
				0,
				1.767,
				0,
				1,
				1.911,
				0,
				2.056,
				0,
				2.2,
				0,
				1,
				2.333,
				0,
				2.467,
				0,
				2.6,
				0,
				1,
				2.744,
				0,
				2.889,
				0.158,
				3.033,
				0.3,
				1,
				3.167,
				0.431,
				3.3,
				0.467,
				3.433,
				0.6,
				1,
				3.644,
				0.811,
				3.856,
				1,
				4.067,
				1,
				0,
				6.4,
				1
			]
		},
		{
			"Target": "Parameter",
			"Id": "ParamEyeROpen",
			"Segments": [
				0,
				1,
				0,
				1.767,
				1,
				1,
				1.911,
				1,
				2.056,
				0,
				2.2,
				0,
				1,
				3.1,
				0,
				4,
				0,
				4.9,
				0,
				1,
				5.222,
				0,
				5.544,
				2,
				5.867,
				2,
				0,
				6.4,
				2
			]
		},
		{
			"Target": "Parameter",
			"Id": "ParamEyeRSmile",
			"Segments": [
				0,
				0,
				0,
				1.6,
				0,
				1,
				1.656,
				0,
				1.711,
				0,
				1.767,
				0,
				1,
				1.911,
				0,
				2.056,
				0,
				2.2,
				0,
				1,
				2.333,
				0,
				2.467,
				0,
				2.6,
				0,
				1,
				2.744,
				0,
				2.889,
				0.158,
				3.033,
				0.3,
				1,
				3.167,
				0.431,
				3.3,
				0.467,
				3.433,
				0.6,
				1,
				3.644,
				0.811,
				3.856,
				1,
				4.067,
				1,
				0,
				6.4,
				1
			]
		},
		{
			"Target": "Parameter",
			"Id": "ParamEyeBallX",
			"Segments": [
				0,
				0,
				1,
				0.1,
				0,
				0.2,
				-0.8,
				0.3,
				-0.8,
				1,
				0.489,
				-0.8,
				0.678,
				0.1,
				0.867,
				0.1,
				1,
				0.956,
				0.1,
				1.044,
				-0.5,
				1.133,
				-0.5,
				1,
				1.289,
				-0.5,
				1.444,
				0,
				1.6,
				0,
				1,
				1.733,
				0,
				1.867,
				0,
				2,
				0,
				0,
				6.4,
				0
			]
		},
		{
			"Target": "Parameter",
			"Id": "ParamEyeBallY",
			"Segments": [
				0,
				0,
				1,
				0.1,
				0,
				0.2,
				1,
				0.3,
				1,
				1,
				0.444,
				1,
				0.589,
				-0.534,
				0.733,
				-0.8,
				1,
				0.867,
				-1,
				1,
				-1,
				1.133,
				-1,
				1,
				1.289,
				-1,
				1.444,
				0,
				1.6,
				0,
				1,
				1.733,
				0,
				1.867,
				-0.4,
				2,
				-0.4,
				0,
				6.4,
				-0.4
			]
		},
		{
			"Target": "Parameter",
			"Id": "ParamBrowLY",
			"Segments": [
				0,
				0,
				1,
				0.711,
				0,
				1.422,
				0,
				2.133,
				0,
				1,
				2.267,
				0,
				2.4,
				-1,
				2.533,
				-1,
				1,
				2.822,
				-1,
				3.111,
				0,
				3.4,
				0,
				1,
				3.622,
				0,
				3.844,
				0,
				4.067,
				0,
				0,
				6.4,
				0
			]
		},
		{
			"Target": "Parameter",
			"Id": "ParamBrowLAngle",
			"Segments": [
				0,
				0,
				1,
				0.244,
				0,
				0.489,
				0.5,
				0.733,
				0.5,
				1,
				0.978,
				0.5,
				1.222,
				0,
				1.467,
				0,
				0,
				6.4,
				0
			]
		},
		{
			"Target": "Parameter",
			"Id": "Param",
			"Segments": [
				0,
				0,
				0,
				6.4,
				0
			]
		},
		{
			"Target": "Parameter",
			"Id": "Param2",
			"Segments": [
				0,
				0,
				1,
				0.244,
				0,
				0.489,
				0.5,
				0.733,
				0.5,
				1,
				0.978,
				0.5,
				1.222,
				0,
				1.467,
				0,
				0,
				6.4,
				0
			]
		},
		{
			"Target": "Parameter",
			"Id": "Param3",
			"Segments": [
				0,
				0,
				0,
				6.4,
				0
			]
		},
		{
			"Target": "Parameter",
			"Id": "ParamBrowRY",
			"Segments": [
				0,
				0,
				1,
				0.711,
				0,
				1.422,
				0,
				2.133,
				0,
				1,
				2.267,
				0,
				2.4,
				-1,
				2.533,
				-1,
				1,
				2.822,
				-1,
				3.111,
				0,
				3.4,
				0,
				1,
				3.622,
				0,
				3.844,
				0,
				4.067,
				0,
				0,
				6.4,
				0
			]
		},
		{
			"Target": "Parameter",
			"Id": "ParamBrowRAngle",
			"Segments": [
				0,
				0,
				0,
				6.4,
				0
			]
		},
		{
			"Target": "Parameter",
			"Id": "Param4",
			"Segments": [
				0,
				0,
				0,
				6.4,
				0
			]
		},
		{
			"Target": "Parameter",
			"Id": "Param5",
			"Segments": [
				0,
				0,
				0,
				6.4,
				0
			]
		},
		{
			"Target": "Parameter",
			"Id": "Param6",
			"Segments": [
				0,
				0,
				0,
				6.4,
				0
			]
		},
		{
			"Target": "Parameter",
			"Id": "ParamMouthForm",
			"Segments": [
				0,
				0,
				1,
				0.1,
				0,
				0.2,
				-0.5,
				0.3,
				-0.5,
				1,
				0.478,
				-0.5,
				0.656,
				1,
				0.833,
				1,
				1,
				0.944,
				1,
				1.056,
				0.421,
				1.167,
				0,
				1,
				1.322,
				-0.589,
				1.478,
				-0.7,
				1.633,
				-0.7,
				1,
				1.811,
				-0.7,
				1.989,
				1,
				2.167,
				1,
				1,
				2.789,
				1,
				3.411,
				1,
				4.033,
				1,
				1,
				4.6,
				1,
				5.167,
				1,
				5.733,
				1,
				1,
				5.922,
				1,
				6.111,
				0,
				6.3,
				0,
				0,
				6.4,
				0
			]
		},
		{
			"Target": "Parameter",
			"Id": "ParamMouthOpenY",
			"Segments": [
				0,
				0,
				1,
				0.1,
				0,
				0.2,
				1,
				0.3,
				1,
				1,
				0.478,
				1,
				0.656,
				1,
				0.833,
				1,
				1,
				0.944,
				1,
				1.056,
				0.5,
				1.167,
				0.5,
				1,
				1.322,
				0.5,
				1.478,
				0.6,
				1.633,
				0.6,
				1,
				1.811,
				0.6,
				1.989,
				0,
				2.167,
				0,
				1,
				2.789,
				0,
				3.411,
				0,
				4.033,
				0,
				1,
				4.6,
				0,
				5.167,
				0.7,
				5.733,
				0.7,
				1,
				5.922,
				0.7,
				6.111,
				0,
				6.3,
				0,
				0,
				6.4,
				0
			]
		},
		{
			"Target": "Parameter",
			"Id": "ParamAngleX",
			"Segments": [
				0,
				0,
				1,
				0.033,
				0,
				0.067,
				5,
				0.1,
				5,
				1,
				0.167,
				5,
				0.233,
				-16,
				0.3,
				-16,
				1,
				0.422,
				-16,
				0.544,
				-12.278,
				0.667,
				0,
				1,
				0.722,
				5.581,
				0.778,
				13,
				0.833,
				13,
				1,
				0.922,
				13,
				1.011,
				-16,
				1.1,
				-16,
				1,
				1.244,
				-16,
				1.389,
				0,
				1.533,
				0,
				1,
				1.556,
				0,
				1.578,
				0,
				1.6,
				0,
				1,
				1.644,
				0,
				1.689,
				0,
				1.733,
				0,
				1,
				2,
				0,
				2.267,
				0,
				2.533,
				0,
				1,
				2.567,
				0,
				2.6,
				0,
				2.633,
				0,
				1,
				2.711,
				0,
				2.789,
				-10,
				2.867,
				-10,
				1,
				3.011,
				-10,
				3.156,
				20,
				3.3,
				20,
				1,
				3.433,
				20,
				3.567,
				-19,
				3.7,
				-19,
				1,
				3.822,
				-19,
				3.944,
				24,
				4.067,
				24,
				1,
				4.233,
				24,
				4.4,
				-18,
				4.567,
				-18,
				1,
				4.711,
				-18,
				4.856,
				17,
				5,
				17,
				1,
				5.111,
				17,
				5.222,
				0,
				5.333,
				0,
				1,
				5.456,
				0,
				5.578,
				0,
				5.7,
				0,
				0,
				6.4,
				0
			]
		},
		{
			"Target": "Parameter",
			"Id": "ParamAngleY",
			"Segments": [
				0,
				0,
				1,
				0.033,
				0,
				0.067,
				-19,
				0.1,
				-19,
				1,
				0.167,
				-19,
				0.233,
				30,
				0.3,
				30,
				1,
				0.422,
				30,
				0.544,
				-30,
				0.667,
				-30,
				1,
				0.722,
				-30,
				0.778,
				-30,
				0.833,
				-30,
				1,
				0.922,
				-30,
				1.011,
				-30,
				1.1,
				-30,
				1,
				1.244,
				-30,
				1.389,
				3,
				1.533,
				3,
				1,
				1.556,
				3,
				1.578,
				1.467,
				1.6,
				0,
				1,
				1.656,
				-3.668,
				1.711,
				-5,
				1.767,
				-5,
				1,
				1.856,
				-5,
				1.944,
				30,
				2.033,
				30,
				1,
				2.2,
				30,
				2.367,
				-30,
				2.533,
				-30,
				1,
				2.567,
				-30,
				2.6,
				-30,
				2.633,
				-30,
				1,
				2.889,
				-30,
				3.144,
				-30,
				3.4,
				-30,
				1,
				3.933,
				-30,
				4.467,
				-30,
				5,
				-30,
				1,
				5.444,
				-30,
				5.889,
				0,
				6.333,
				0,
				0,
				6.4,
				0
			]
		},
		{
			"Target": "Parameter",
			"Id": "Param110",
			"Segments": [
				0,
				0,
				1,
				0.533,
				0,
				1.067,
				0,
				1.6,
				0,
				1,
				1.911,
				0,
				2.222,
				-1,
				2.533,
				-1,
				0,
				6.4,
				-1
			]
		},
		{
			"Target": "Parameter",
			"Id": "ParamBodyAngleX",
			"Segments": [
				0,
				0,
				0,
				6.4,
				0
			]
		},
		{
			"Target": "Parameter",
			"Id": "ParamBodyAngleY",
			"Segments": [
				0,
				0,
				0,
				0.533,
				0,
				1,
				0.656,
				0,
				0.778,
				-10,
				0.9,
				-10,
				1,
				1.044,
				-10,
				1.189,
				4,
				1.333,
				4,
				1,
				1.411,
				4,
				1.489,
				-1,
				1.567,
				-1,
				1,
				1.622,
				-1,
				1.678,
				-1.235,
				1.733,
				0,
				1,
				1.811,
				1.73,
				1.889,
				10,
				1.967,
				10,
				1,
				2.111,
				10,
				2.256,
				-6,
				2.4,
				-6,
				1,
				2.611,
				-6,
				2.822,
				-1,
				3.033,
				-1,
				1,
				3.211,
				-1,
				3.389,
				-8,
				3.567,
				-8,
				1,
				3.711,
				-8,
				3.856,
				-2,
				4,
				-2,
				1,
				4.167,
				-2,
				4.333,
				-8,
				4.5,
				-8,
				1,
				4.711,
				-8,
				4.922,
				0,
				5.133,
				0,
				0,
				6.4,
				0
			]
		},
		{
			"Target": "Parameter",
			"Id": "ParamBodyAngleZ",
			"Segments": [
				0,
				0,
				0,
				6.4,
				0
			]
		}
	]
}