{
    "Type": "Live2D Expression",
    "Parameters": [
        {
            "Id": "expression1",
            "Value": 1.0,
            "Blend": "Add"
        },
        {
            "Id": "ParamBrowLY",
            "Value": 0.0,
            "Blend": "Add"
        },
        {
            "Id": "ParamBrowRY",
            "Value": 0.0,
            "Blend": "Add"
        },
        {
            "Id": "ParamBrowLAngle",
            "Value": 0.0,
            "Blend": "Add"
        },
        {
            "Id": "ParamBrowRAngle",
            "Value": 0.0,
            "Blend": "Add"
        },
        {
            "Id": "ParamBrowLForm",
            "Value": -0.6824612617492676,
            "Blend": "Add"
        },
        {
            "Id": "ParamBrowRForm",
            "Value": -0.848447322845459,
            "Blend": "Add"
        },
        {
            "Id": "Param83",
            "Value": 0.0,
            "Blend": "Add"
        }
    ]
}