{
    "Type": "Live2D Expression",
    "Parameters": [
        {
            "Id": "expression6",
            "Value": 1.0,
            "Blend": "Add"
        },
        {
            "Id": "ParamBrowLY",
            "Value": 0.0,
            "Blend": "Add"
        },
        {
            "Id": "ParamBrowRY",
            "Value": 0.0,
            "Blend": "Add"
        },
        {
            "Id": "ParamBrowLAngle",
            "Value": -1.0,
            "Blend": "Add"
        },
        {
            "Id": "ParamBrowRAngle",
            "Value": -1.0,
            "Blend": "Add"
        },
        {
            "Id": "ParamBrowLForm",
            "Value": 0.0,
            "Blend": "Add"
        },
        {
            "Id": "ParamBrowRForm",
            "Value": 0.0,
            "Blend": "Add"
        },
        {
            "Id": "ParamMouthForm",
            "Value": -0.7866306304931641,
            "Blend": "Add"
        }
    ]
}