{
	"Version": 3,
	"Parameters": [
		{
			"Id": "expression1",
			"GroupId": "ParamGroup",
			"Name": "哭哭"
		},
		{
			"Id": "expression2",
			"GroupId": "ParamGroup",
			"Name": "震惊"
		},
		{
			"Id": "expression3",
			"GroupId": "ParamGroup",
			"Name": "经典表情"
		},
		{
			"Id": "expression4",
			"GroupId": "ParamGroup",
			"Name": "？"
		},
		{
			"Id": "expression5",
			"GroupId": "ParamGroup",
			"Name": "星星"
		},
		{
			"Id": "expression6",
			"GroupId": "ParamGroup",
			"Name": "生气"
		},
		{
			"Id": "expression7",
			"GroupId": "ParamGroup",
			"Name": "无语"
		},
		{
			"Id": "expression8",
			"GroupId": "ParamGroup",
			"Name": "吃惊"
		},
		{
			"Id": "expression9",
			"GroupId": "ParamGroup",
			"Name": "zzz"
		},
		{
			"Id": "expression10",
			"GroupId": "ParamGroup",
			"Name": "大哭"
		},
		{
			"Id": "expression11",
			"GroupId": "ParamGroup",
			"Name": "换衣服"
		},
		{
			"Id": "Param14",
			"GroupId": "ParamGroup",
			"Name": "手势"
		},
		{
			"Id": "Param61",
			"GroupId": "ParamGroup",
			"Name": "花生出现"
		},
		{
			"Id": "Param80",
			"GroupId": "ParamGroup",
			"Name": "呲牙表情"
		},
		{
			"Id": "Param81",
			"GroupId": "ParamGroup",
			"Name": "小眼珠"
		},
		{
			"Id": "Param84",
			"GroupId": "ParamGroup12",
			"Name": "右腿"
		},
		{
			"Id": "Param87",
			"GroupId": "ParamGroup12",
			"Name": "右腿2"
		},
		{
			"Id": "Param85",
			"GroupId": "ParamGroup12",
			"Name": "左腿"
		},
		{
			"Id": "Param88",
			"GroupId": "ParamGroup12",
			"Name": "左腿2"
		},
		{
			"Id": "Param86",
			"GroupId": "ParamGroup12",
			"Name": "ss"
		},
		{
			"Id": "Param89",
			"GroupId": "ParamGroup12",
			"Name": "y"
		},
		{
			"Id": "Param90",
			"GroupId": "ParamGroup12",
			"Name": "y2"
		},
		{
			"Id": "Param",
			"GroupId": "ParamGroup2",
			"Name": "果冻眼1"
		},
		{
			"Id": "Param2",
			"GroupId": "ParamGroup2",
			"Name": "果冻眼2"
		},
		{
			"Id": "Param3",
			"GroupId": "ParamGroup2",
			"Name": "果冻眼3"
		},
		{
			"Id": "Param4",
			"GroupId": "ParamGroup2",
			"Name": "高光1"
		},
		{
			"Id": "Param5",
			"GroupId": "ParamGroup2",
			"Name": "高光2"
		},
		{
			"Id": "Param15",
			"GroupId": "ParamGroup2",
			"Name": "果冻眼4"
		},
		{
			"Id": "Param16",
			"GroupId": "ParamGroup2",
			"Name": "果冻眼5"
		},
		{
			"Id": "Param17",
			"GroupId": "ParamGroup2",
			"Name": "果冻眼6"
		},
		{
			"Id": "Param18",
			"GroupId": "ParamGroup2",
			"Name": "高光3"
		},
		{
			"Id": "Param19",
			"GroupId": "ParamGroup2",
			"Name": "高光4"
		},
		{
			"Id": "Param45",
			"GroupId": "ParamGroup3",
			"Name": "呆毛物理1"
		},
		{
			"Id": "Param46",
			"GroupId": "ParamGroup3",
			"Name": "呆毛物理2"
		},
		{
			"Id": "Param47",
			"GroupId": "ParamGroup3",
			"Name": "呆毛物理3"
		},
		{
			"Id": "Param6",
			"GroupId": "ParamGroup3",
			"Name": "前发物理1"
		},
		{
			"Id": "Param7",
			"GroupId": "ParamGroup3",
			"Name": "前发物理2"
		},
		{
			"Id": "Param8",
			"GroupId": "ParamGroup3",
			"Name": "前发物理3"
		},
		{
			"Id": "Param9",
			"GroupId": "ParamGroup3",
			"Name": "前发物理4"
		},
		{
			"Id": "Param39",
			"GroupId": "ParamGroup3",
			"Name": "前发物理1Y"
		},
		{
			"Id": "Param40",
			"GroupId": "ParamGroup3",
			"Name": "前发物理2Y"
		},
		{
			"Id": "Param41",
			"GroupId": "ParamGroup3",
			"Name": "前发物理3Y"
		},
		{
			"Id": "Param42",
			"GroupId": "ParamGroup3",
			"Name": "前发物理4Y"
		},
		{
			"Id": "Param10",
			"GroupId": "ParamGroup3",
			"Name": "后发物理1"
		},
		{
			"Id": "Param11",
			"GroupId": "ParamGroup3",
			"Name": "后发物理2"
		},
		{
			"Id": "Param12",
			"GroupId": "ParamGroup3",
			"Name": "后发物理3"
		},
		{
			"Id": "Param13",
			"GroupId": "ParamGroup3",
			"Name": "后发物理4"
		},
		{
			"Id": "Param35",
			"GroupId": "ParamGroup3",
			"Name": "后发物理1Y"
		},
		{
			"Id": "Param36",
			"GroupId": "ParamGroup3",
			"Name": "后发物理2Y"
		},
		{
			"Id": "Param37",
			"GroupId": "ParamGroup3",
			"Name": "后发物理3Y"
		},
		{
			"Id": "Param38",
			"GroupId": "ParamGroup3",
			"Name": "后发物理4Y"
		},
		{
			"Id": "Param20",
			"GroupId": "ParamGroup4",
			"Name": "衣服物理1"
		},
		{
			"Id": "Param21",
			"GroupId": "ParamGroup4",
			"Name": "衣服物理2"
		},
		{
			"Id": "Param22",
			"GroupId": "ParamGroup4",
			"Name": "衣服物理3"
		},
		{
			"Id": "Param23",
			"GroupId": "ParamGroup4",
			"Name": "衣服物理4"
		},
		{
			"Id": "Param24",
			"GroupId": "ParamGroup4",
			"Name": "衣服物理5"
		},
		{
			"Id": "Param25",
			"GroupId": "ParamGroup4",
			"Name": "衣服物理6"
		},
		{
			"Id": "Param43",
			"GroupId": "ParamGroup7",
			"Name": "裙子物理Y1"
		},
		{
			"Id": "Param44",
			"GroupId": "ParamGroup7",
			"Name": "裙子物理Y2"
		},
		{
			"Id": "Param26",
			"GroupId": "ParamGroup5",
			"Name": "手臂1"
		},
		{
			"Id": "Param27",
			"GroupId": "ParamGroup5",
			"Name": "手臂2"
		},
		{
			"Id": "Param28",
			"GroupId": "ParamGroup5",
			"Name": "手臂3"
		},
		{
			"Id": "Param29",
			"GroupId": "ParamGroup5",
			"Name": "手臂4"
		},
		{
			"Id": "Param30",
			"GroupId": "ParamGroup5",
			"Name": "手臂5"
		},
		{
			"Id": "Param31",
			"GroupId": "ParamGroup5",
			"Name": "手臂6"
		},
		{
			"Id": "Param32",
			"GroupId": "ParamGroup6",
			"Name": "蝴蝶结物理1"
		},
		{
			"Id": "Param33",
			"GroupId": "ParamGroup6",
			"Name": "蝴蝶结物理2"
		},
		{
			"Id": "Param34",
			"GroupId": "ParamGroup6",
			"Name": "蝴蝶结物理3"
		},
		{
			"Id": "Param48",
			"GroupId": "ParamGroup8",
			"Name": "星星轨道"
		},
		{
			"Id": "Param49",
			"GroupId": "ParamGroup8",
			"Name": "星星旋转"
		},
		{
			"Id": "Param50",
			"GroupId": "ParamGroup8",
			"Name": "星星放大"
		},
		{
			"Id": "Param51",
			"GroupId": "ParamGroup8",
			"Name": "星星消失"
		},
		{
			"Id": "Param82",
			"GroupId": "ParamGroup8",
			"Name": "星星出现2"
		},
		{
			"Id": "Param52",
			"GroupId": "ParamGroup8",
			"Name": "星星移动1"
		},
		{
			"Id": "Param54",
			"GroupId": "ParamGroup8",
			"Name": "星星移动2"
		},
		{
			"Id": "Param53",
			"GroupId": "ParamGroup8",
			"Name": "轨道出现"
		},
		{
			"Id": "Param55",
			"GroupId": "ParamGroup9",
			"Name": "星星物理1"
		},
		{
			"Id": "Param56",
			"GroupId": "ParamGroup9",
			"Name": "星星物理2"
		},
		{
			"Id": "Param57",
			"GroupId": "ParamGroup9",
			"Name": "星星物理3"
		},
		{
			"Id": "Param58",
			"GroupId": "ParamGroup9",
			"Name": "星星物理4"
		},
		{
			"Id": "Param59",
			"GroupId": "ParamGroup9",
			"Name": "星星X"
		},
		{
			"Id": "Param60",
			"GroupId": "ParamGroup9",
			"Name": "星星Y"
		},
		{
			"Id": "Param62",
			"GroupId": "ParamGroup10",
			"Name": "咀嚼"
		},
		{
			"Id": "Param63",
			"GroupId": "ParamGroup10",
			"Name": "小花生出现"
		},
		{
			"Id": "Param64",
			"GroupId": "ParamGroup10",
			"Name": "小花生移动"
		},
		{
			"Id": "Param65",
			"GroupId": "ParamGroup10",
			"Name": "大花生出现"
		},
		{
			"Id": "Param66",
			"GroupId": "ParamGroup10",
			"Name": "大花生集中"
		},
		{
			"Id": "Param70",
			"GroupId": "ParamGroup10",
			"Name": "大花生消失"
		},
		{
			"Id": "Param68",
			"GroupId": "ParamGroup10",
			"Name": "白放大"
		},
		{
			"Id": "Param67",
			"GroupId": "ParamGroup10",
			"Name": "阿尼亚变白"
		},
		{
			"Id": "Param69",
			"GroupId": "ParamGroup10",
			"Name": "白消失"
		},
		{
			"Id": "Param71",
			"GroupId": "ParamGroup10",
			"Name": "烟雾"
		},
		{
			"Id": "Param73",
			"GroupId": "ParamGroup10",
			"Name": "手臂挥动"
		},
		{
			"Id": "Param75",
			"GroupId": "ParamGroup10",
			"Name": "花生手臂出现"
		},
		{
			"Id": "Param72",
			"GroupId": "ParamGroup10",
			"Name": "脚底烟雾"
		},
		{
			"Id": "Param74",
			"GroupId": "ParamGroup10",
			"Name": "花生上下"
		},
		{
			"Id": "Param76",
			"GroupId": "ParamGroup11",
			"Name": "哭哭物理1"
		},
		{
			"Id": "Param78",
			"GroupId": "ParamGroup11",
			"Name": "哭哭物理2"
		},
		{
			"Id": "Param77",
			"GroupId": "ParamGroup11",
			"Name": "眼泪落下"
		},
		{
			"Id": "Param79",
			"GroupId": "ParamGroup11",
			"Name": "zzz"
		},
		{
			"Id": "Param83",
			"GroupId": "",
			"Name": "mouthX"
		},
		{
			"Id": "ParamAngleX",
			"GroupId": "",
			"Name": "角度 X"
		},
		{
			"Id": "ParamAngleY",
			"GroupId": "",
			"Name": "角度 Y"
		},
		{
			"Id": "ParamAngleZ",
			"GroupId": "",
			"Name": "角度 Z"
		},
		{
			"Id": "ParamEyeLOpen",
			"GroupId": "",
			"Name": "左眼　开闭"
		},
		{
			"Id": "ParamEyeLSmile",
			"GroupId": "",
			"Name": "左眼　微笑"
		},
		{
			"Id": "ParamEyeROpen",
			"GroupId": "",
			"Name": "右眼"
		},
		{
			"Id": "ParamEyeRSmile",
			"GroupId": "",
			"Name": "右眼　微笑"
		},
		{
			"Id": "ParamEyeBallX",
			"GroupId": "",
			"Name": "眼珠 X"
		},
		{
			"Id": "ParamEyeBallY",
			"GroupId": "",
			"Name": "眼珠 Y"
		},
		{
			"Id": "ParamBrowLY",
			"GroupId": "",
			"Name": "左眉上下"
		},
		{
			"Id": "ParamBrowRY",
			"GroupId": "",
			"Name": "右眉　上下"
		},
		{
			"Id": "ParamBrowLAngle",
			"GroupId": "",
			"Name": "左眉　角度"
		},
		{
			"Id": "ParamBrowRAngle",
			"GroupId": "",
			"Name": "右眉　角度"
		},
		{
			"Id": "ParamBrowLForm",
			"GroupId": "",
			"Name": "左眉　変形"
		},
		{
			"Id": "ParamBrowRForm",
			"GroupId": "",
			"Name": "右眉　変形"
		},
		{
			"Id": "ParamMouthForm",
			"GroupId": "",
			"Name": "嘴　变形"
		},
		{
			"Id": "ParamMouthOpenY",
			"GroupId": "",
			"Name": "嘴　张开和闭合"
		},
		{
			"Id": "ParamCheek",
			"GroupId": "",
			"Name": "脸颊泛红"
		},
		{
			"Id": "ParamBodyAngleX",
			"GroupId": "",
			"Name": "身体旋转　X"
		},
		{
			"Id": "ParamBodyAngleY",
			"GroupId": "",
			"Name": "身体旋转　Y"
		},
		{
			"Id": "ParamBodyAngleZ",
			"GroupId": "",
			"Name": "身体旋转　Z"
		},
		{
			"Id": "ParamBreath",
			"GroupId": "",
			"Name": "呼吸"
		},
		{
			"Id": "ParamHairFront",
			"GroupId": "",
			"Name": "摇动 前发"
		},
		{
			"Id": "ParamHairSide",
			"GroupId": "",
			"Name": "摇动 侧发"
		},
		{
			"Id": "ParamHairBack",
			"GroupId": "",
			"Name": "摇动 后发"
		}
	],
	"ParameterGroups": [
		{
			"Id": "ParamGroup",
			"GroupId": "",
			"Name": "表情"
		},
		{
			"Id": "ParamGroup12",
			"GroupId": "",
			"Name": "Folder 1"
		},
		{
			"Id": "ParamGroup2",
			"GroupId": "",
			"Name": "果冻眼"
		},
		{
			"Id": "ParamGroup3",
			"GroupId": "",
			"Name": "头发物理"
		},
		{
			"Id": "ParamGroup4",
			"GroupId": "",
			"Name": "衣服物理"
		},
		{
			"Id": "ParamGroup7",
			"GroupId": "",
			"Name": "衣服物理Y"
		},
		{
			"Id": "ParamGroup5",
			"GroupId": "",
			"Name": "手臂物理"
		},
		{
			"Id": "ParamGroup6",
			"GroupId": "",
			"Name": "蝴蝶结物理"
		},
		{
			"Id": "ParamGroup8",
			"GroupId": "",
			"Name": "星星动画"
		},
		{
			"Id": "ParamGroup9",
			"GroupId": "",
			"Name": "星星物理"
		},
		{
			"Id": "ParamGroup10",
			"GroupId": "",
			"Name": "花生动画"
		},
		{
			"Id": "ParamGroup11",
			"GroupId": "",
			"Name": "表情物理和动画"
		}
	],
	"Parts": [
		{
			"Id": "Part28",
			"Name": "xy"
		},
		{
			"Id": "Part49",
			"Name": "变身星星（补"
		},
		{
			"Id": "Part73",
			"Name": "阿尼亚烟雾和星星.psd"
		},
		{
			"Id": "Part48",
			"Name": "小花生 副本"
		},
		{
			"Id": "Part43",
			"Name": "小花生 副本"
		},
		{
			"Id": "Part36",
			"Name": "小花生 副本"
		},
		{
			"Id": "Part31",
			"Name": "小花生 副本"
		},
		{
			"Id": "Part26",
			"Name": "小花生 副本"
		},
		{
			"Id": "Part25",
			"Name": "小花生 副本"
		},
		{
			"Id": "Part4",
			"Name": "小花生 副本"
		},
		{
			"Id": "Part",
			"Name": "小花生 副本"
		},
		{
			"Id": "Part2",
			"Name": "小花生"
		},
		{
			"Id": "Part3",
			"Name": "花生"
		},
		{
			"Id": "zzz",
			"Name": "zzz"
		},
		{
			"Id": "Part7",
			"Name": "星星"
		},
		{
			"Id": "Part13",
			"Name": "手势"
		},
		{
			"Id": "Part18",
			"Name": "头"
		},
		{
			"Id": "Part68",
			"Name": "衣服"
		},
		{
			"Id": "Part160",
			"Name": "后发（补"
		},
		{
			"Id": "Part77",
			"Name": "图层组3"
		},
		{
			"Id": "Part74",
			"Name": "星星"
		},
		{
			"Id": "Part75",
			"Name": "烟雾"
		},
		{
			"Id": "Part24",
			"Name": "左眼"
		},
		{
			"Id": "Part5",
			"Name": "左眼"
		},
		{
			"Id": "Part6",
			"Name": "口腔"
		},
		{
			"Id": "Part8",
			"Name": "光芒"
		},
		{
			"Id": "Part9",
			"Name": "光芒"
		},
		{
			"Id": "Part10",
			"Name": "光芒"
		},
		{
			"Id": "Part11",
			"Name": "光芒"
		},
		{
			"Id": "Part12",
			"Name": "白星星"
		},
		{
			"Id": "Part14",
			"Name": "左胳膊"
		},
		{
			"Id": "Part16",
			"Name": "右胳膊"
		},
		{
			"Id": "Part19",
			"Name": "星星眼"
		},
		{
			"Id": "Part20",
			"Name": "前发"
		},
		{
			"Id": "Part21",
			"Name": "阴影"
		},
		{
			"Id": "Part22",
			"Name": "头"
		},
		{
			"Id": "Part154",
			"Name": "耳朵（补"
		},
		{
			"Id": "Part69",
			"Name": "第二季服装"
		},
		{
			"Id": "Part70",
			"Name": "校服"
		},
		{
			"Id": "Part72",
			"Name": "腿"
		},
		{
			"Id": "Part30",
			"Name": "肤色"
		},
		{
			"Id": "Part15",
			"Name": "肤色"
		},
		{
			"Id": "Part17",
			"Name": "肤色"
		},
		{
			"Id": "Part23",
			"Name": "眉毛"
		},
		{
			"Id": "Part29",
			"Name": "眼睛"
		},
		{
			"Id": "Part41",
			"Name": "睡觉"
		},
		{
			"Id": "Part55",
			"Name": "鼻子"
		},
		{
			"Id": "Part66",
			"Name": "哭哭配哭哭嘴"
		},
		{
			"Id": "Part56",
			"Name": "嘴巴"
		},
		{
			"Id": "Part67",
			"Name": "脸"
		},
		{
			"Id": "Part71",
			"Name": "阴影"
		},
		{
			"Id": "Part27",
			"Name": "标准"
		},
		{
			"Id": "Part88",
			"Name": "左眼"
		},
		{
			"Id": "Part32",
			"Name": "左眼"
		},
		{
			"Id": "Part84",
			"Name": "无语左眼"
		},
		{
			"Id": "Part50",
			"Name": "无语左眼"
		},
		{
			"Id": "Part35",
			"Name": "也是表情"
		},
		{
			"Id": "Part38",
			"Name": "经典表情"
		},
		{
			"Id": "Part46",
			"Name": "荷包蛋哭哭左"
		},
		{
			"Id": "Part44",
			"Name": "荷包蛋哭哭左"
		},
		{
			"Id": "Part57",
			"Name": "经典表情"
		},
		{
			"Id": "Part58",
			"Name": "无语"
		},
		{
			"Id": "Part59",
			"Name": "疑惑"
		},
		{
			"Id": "Part60",
			"Name": "大哭"
		},
		{
			"Id": "Part61",
			"Name": "哭哭"
		},
		{
			"Id": "Part62",
			"Name": "震惊"
		},
		{
			"Id": "Part63",
			"Name": "配合星星"
		},
		{
			"Id": "Part76",
			"Name": "表情口腔"
		},
		{
			"Id": "Part64",
			"Name": "标准"
		},
		{
			"Id": "Part65",
			"Name": "口腔"
		},
		{
			"Id": "Part80",
			"Name": "左眼"
		},
		{
			"Id": "Part33",
			"Name": "上睫毛"
		},
		{
			"Id": "Part162",
			"Name": "下睫毛"
		},
		{
			"Id": "Part116",
			"Name": "下睫毛"
		},
		{
			"Id": "Part34",
			"Name": "眼珠"
		},
		{
			"Id": "Part93",
			"Name": "无语"
		},
		{
			"Id": "Part94",
			"Name": "下睫毛"
		},
		{
			"Id": "Part95",
			"Name": "眼珠"
		},
		{
			"Id": "Part51",
			"Name": "无语"
		},
		{
			"Id": "Part53",
			"Name": "下睫毛"
		},
		{
			"Id": "Part54",
			"Name": "眼珠"
		},
		{
			"Id": "Part39",
			"Name": "左眼"
		},
		{
			"Id": "Part37",
			"Name": "左眼"
		},
		{
			"Id": "Part42",
			"Name": "左眼"
		},
		{
			"Id": "Part40",
			"Name": "左眼"
		},
		{
			"Id": "Part47",
			"Name": "泪"
		},
		{
			"Id": "Part45",
			"Name": "泪"
		},
		{
			"Id": "Part81",
			"Name": "上睫毛"
		},
		{
			"Id": "Part82",
			"Name": "眼珠"
		},
		{
			"Id": "Part52",
			"Name": "泪"
		},
		{
			"Id": "Part83",
			"Name": "泪"
		}
	],
	"CombinedParameters": [
		[
			"ParamEyeBallX",
			"ParamEyeBallY"
		],
		[
			"ParamMouthForm",
			"ParamMouthOpenY"
		]
	]
}