{
    "Type": "Live2D Expression",
    "Parameters": [
        {
            "Id": "expression9",
            "Value": 1.0,
            "Blend": "Add"
        },
        {
            "Id": "ParamEyeLOpen",
            "Value": -1.0,
            "Blend": "Add"
        },
        {
            "Id": "ParamEyeLSmile",
            "Value": 0.0,
            "Blend": "Add"
        },
        {
            "Id": "ParamEyeROpen",
            "Value": -1.0,
            "Blend": "Add"
        },
        {
            "Id": "ParamEyeRSmile",
            "Value": 0.0,
            "Blend": "Add"
        },
        {
            "Id": "Param83",
            "Value": 0.0,
            "Blend": "Add"
        }
    ]
}