{
	"Version": 3,
	"Meta": {
		"Duration": 1.6,
		"Fps": 60.0,
		"Loop": true,
		"AreBeziersRestricted": true,
		"CurveCount": 2,
		"TotalSegmentCount": 2,
		"TotalPointCount": 6,
		"UserDataCount": 0,
		"TotalUserDataSize": 0
	},
	"Curves": [
		{
			"Target": "Parameter",
			"Id": "Param77",
			"Segments": [
				0,
				0,
				1,
				0.533,
				0,
				1.067,
				30,
				1.6,
				30
			]
		},
		{
			"Target": "Parameter",
			"Id": "Param79",
			"Segments": [
				0,
				0,
				0,
				1.6,
				30
			]
		}
	]
}