{
	"Version": 3,
	"Meta": {
		"Duration": 3.717,
		"Fps": 60.0,
		"Loop": true,
		"AreBeziersRestricted": true,
		"CurveCount": 18,
		"TotalSegmentCount": 165,
		"TotalPointCount": 367,
		"UserDataCount": 0,
		"TotalUserDataSize": 0
	},
	"Curves": [
		{
			"Target": "Parameter",
			"Id": "expression4",
			"Segments": [
				0,
				0,
				0,
				0.8,
				0,
				1,
				0.833,
				0,
				0.867,
				1,
				0.9,
				1,
				1,
				0.994,
				1,
				1.089,
				1,
				1.183,
				1,
				1,
				1.472,
				1,
				1.761,
				1,
				2.05,
				1,
				1,
				2.1,
				1,
				2.15,
				0,
				2.2,
				0,
				0,
				3.717,
				0
			]
		},
		{
			"Target": "Parameter",
			"Id": "expression11",
			"Segments": [
				0,
				0,
				0,
				1.517,
				0,
				1,
				1.583,
				0,
				1.65,
				1,
				1.717,
				1,
				0,
				3.717,
				1
			]
		},
		{
			"Target": "Parameter",
			"Id": "Param43",
			"Segments": [
				0,
				0,
				0,
				1.517,
				0,
				0,
				1.533,
				-0.034,
				0,
				1.583,
				-0.03,
				0,
				1.6,
				-0.053,
				0,
				1.617,
				-0.05,
				1,
				1.622,
				-0.045,
				1.628,
				-0.219,
				1.633,
				-0.214,
				0,
				1.65,
				-0.206,
				1,
				1.656,
				-0.195,
				1.661,
				-0.577,
				1.667,
				-0.566,
				0,
				1.683,
				-0.543,
				1,
				1.689,
				-0.531,
				1.694,
				-0.945,
				1.7,
				-0.933,
				0,
				1.717,
				-0.885,
				0,
				1.733,
				-0.897,
				1,
				1.8,
				-0.646,
				1.867,
				-0.301,
				1.933,
				-0.113,
				1,
				2,
				0.089,
				2.067,
				0.154,
				2.133,
				0.155,
				1,
				2.211,
				0.153,
				2.289,
				0.082,
				2.367,
				0.041,
				1,
				2.444,
				-0.004,
				2.522,
				-0.02,
				2.6,
				-0.023,
				0,
				2.633,
				-0.023,
				0,
				2.65,
				-0.022,
				0,
				2.667,
				-0.022,
				0,
				2.917,
				0,
				0,
				2.933,
				0,
				0,
				2.967,
				0.002,
				0,
				2.983,
				0.002,
				0,
				3,
				0.003,
				0,
				3.183,
				0.003,
				0,
				3.2,
				0.002,
				0,
				3.267,
				0.002,
				0,
				3.283,
				0.001,
				0,
				3.35,
				0.001,
				0,
				3.367,
				0,
				0,
				3.55,
				0,
				0,
				3.567,
				-0.001,
				0,
				3.583,
				-0.001,
				0,
				3.6,
				0,
				0,
				3.717,
				0
			]
		},
		{
			"Target": "Parameter",
			"Id": "Param44",
			"Segments": [
				0,
				0,
				0,
				1.517,
				0,
				0,
				1.533,
				0.029,
				0,
				1.583,
				0.019,
				0,
				1.6,
				0.037,
				0,
				1.617,
				0.031,
				1,
				1.622,
				0.027,
				1.628,
				0.17,
				1.633,
				0.166,
				0,
				1.65,
				0.147,
				1,
				1.656,
				0.139,
				1.661,
				0.415,
				1.667,
				0.407,
				0,
				1.683,
				0.352,
				1,
				1.689,
				0.346,
				1.694,
				0.546,
				1.7,
				0.54,
				1,
				1.717,
				0.381,
				1.733,
				0.412,
				1.75,
				0.224,
				1,
				1.767,
				0.093,
				1.783,
				-0.034,
				1.8,
				-0.142,
				1,
				1.839,
				-0.398,
				1.878,
				-0.531,
				1.917,
				-0.526,
				1,
				1.978,
				-0.524,
				2.039,
				-0.259,
				2.1,
				-0.095,
				1,
				2.161,
				0.084,
				2.222,
				0.159,
				2.283,
				0.152,
				1,
				2.406,
				0.119,
				2.528,
				-0.041,
				2.65,
				-0.025,
				0,
				2.683,
				-0.025,
				0,
				2.95,
				-0.001,
				0,
				2.967,
				-0.001,
				0,
				3,
				0.001,
				0,
				3.017,
				0.001,
				0,
				3.033,
				0.002,
				0,
				3.083,
				0.002,
				0,
				3.1,
				0.003,
				0,
				3.167,
				0.003,
				0,
				3.183,
				0.002,
				0,
				3.283,
				0.002,
				0,
				3.3,
				0.001,
				0,
				3.4,
				0.001,
				0,
				3.417,
				0,
				0,
				3.717,
				0
			]
		},
		{
			"Target": "Parameter",
			"Id": "Param48",
			"Segments": [
				0,
				0,
				0,
				1.433,
				0,
				1,
				1.617,
				0,
				1.8,
				55,
				1.983,
				55,
				0,
				3.717,
				55
			]
		},
		{
			"Target": "Parameter",
			"Id": "Param49",
			"Segments": [
				0,
				0,
				1,
				0.278,
				0,
				0.556,
				0.556,
				0.833,
				1,
				1,
				1.111,
				1.444,
				1.389,
				1.667,
				1.667,
				2,
				1,
				1.944,
				2.333,
				2.222,
				2.556,
				2.5,
				3,
				1,
				2.778,
				3.444,
				3.056,
				4,
				3.333,
				4,
				0,
				3.717,
				4
			]
		},
		{
			"Target": "Parameter",
			"Id": "Param50",
			"Segments": [
				0,
				0,
				0,
				1.583,
				0,
				1,
				1.717,
				0,
				1.85,
				0,
				1.983,
				0,
				1,
				2.283,
				0,
				2.583,
				1,
				2.883,
				1,
				0,
				3.717,
				1
			]
		},
		{
			"Target": "Parameter",
			"Id": "Param51",
			"Segments": [
				0,
				0,
				1,
				0.072,
				0,
				0.144,
				1,
				0.217,
				1,
				1,
				0.933,
				1,
				1.65,
				1,
				2.367,
				1,
				1,
				2.433,
				1,
				2.5,
				1,
				2.567,
				1,
				1,
				2.622,
				1,
				2.678,
				0,
				2.733,
				0,
				1,
				2.744,
				0,
				2.756,
				0,
				2.767,
				0,
				0,
				3.717,
				0
			]
		},
		{
			"Target": "Parameter",
			"Id": "Param82",
			"Segments": [
				0,
				0,
				0,
				1.85,
				0,
				1,
				1.939,
				0,
				2.028,
				1,
				2.117,
				1,
				1,
				2.356,
				1,
				2.594,
				1,
				2.833,
				1,
				1,
				2.906,
				1,
				2.978,
				0,
				3.05,
				0,
				0,
				3.717,
				0
			]
		},
		{
			"Target": "Parameter",
			"Id": "Param52",
			"Segments": [
				0,
				0,
				1,
				0.172,
				0,
				0.344,
				0.4,
				0.517,
				0.4,
				1,
				0.761,
				0.4,
				1.006,
				0.4,
				1.25,
				0.4,
				1,
				1.322,
				0.4,
				1.394,
				1,
				1.467,
				1,
				0,
				3.717,
				1
			]
		},
		{
			"Target": "Parameter",
			"Id": "Param53",
			"Segments": [
				0,
				0,
				0,
				1.45,
				0,
				1,
				1.456,
				0,
				1.461,
				1,
				1.467,
				1,
				1,
				1.872,
				1,
				2.278,
				1,
				2.683,
				1,
				1,
				2.706,
				1,
				2.728,
				0,
				2.75,
				0,
				0,
				3.717,
				0
			]
		},
		{
			"Target": "Parameter",
			"Id": "ParamAngleX",
			"Segments": [
				0,
				0,
				1,
				0.139,
				0,
				0.278,
				0,
				0.417,
				0,
				1,
				0.583,
				0,
				0.75,
				30,
				0.917,
				30,
				1,
				1.028,
				30,
				1.139,
				30,
				1.25,
				30,
				1,
				1.311,
				30,
				1.372,
				25.897,
				1.433,
				14,
				1,
				1.472,
				6.429,
				1.511,
				-4.277,
				1.55,
				-14,
				1,
				1.572,
				-19.556,
				1.594,
				-23,
				1.617,
				-23,
				1,
				1.644,
				-23,
				1.672,
				-20.454,
				1.7,
				-12,
				1,
				1.75,
				3.217,
				1.8,
				13,
				1.85,
				13,
				1,
				1.939,
				13,
				2.028,
				0,
				2.117,
				0,
				0,
				3.717,
				0
			]
		},
		{
			"Target": "Parameter",
			"Id": "ParamAngleY",
			"Segments": [
				0,
				0,
				1,
				0.139,
				0,
				0.278,
				0,
				0.417,
				0,
				1,
				0.583,
				0,
				0.75,
				24,
				0.917,
				24,
				1,
				1.028,
				24,
				1.139,
				24,
				1.25,
				24,
				1,
				1.35,
				24,
				1.45,
				20.092,
				1.55,
				8,
				1,
				1.572,
				5.313,
				1.594,
				-12.088,
				1.617,
				-19,
				1,
				1.644,
				-27.64,
				1.672,
				-30,
				1.7,
				-30,
				1,
				1.75,
				-30,
				1.8,
				-30,
				1.85,
				-30,
				1,
				2.178,
				-30,
				2.506,
				0,
				2.833,
				0,
				0,
				3.717,
				0
			]
		},
		{
			"Target": "Parameter",
			"Id": "ParamAngleZ",
			"Segments": [
				0,
				1,
				0,
				0.917,
				1,
				1,
				0.994,
				1,
				1.072,
				-14,
				1.15,
				-14,
				1,
				1.183,
				-14,
				1.217,
				-14,
				1.25,
				-14,
				1,
				1.372,
				-14,
				1.494,
				-3,
				1.617,
				-3,
				1,
				1.644,
				-3,
				1.672,
				-3,
				1.7,
				-3,
				1,
				2.078,
				-3,
				2.456,
				0,
				2.833,
				0,
				0,
				3.717,
				0
			]
		},
		{
			"Target": "Parameter",
			"Id": "ParamEyeBallX",
			"Segments": [
				0,
				0,
				1,
				0.139,
				0,
				0.278,
				0,
				0.417,
				0,
				1,
				0.583,
				0,
				0.75,
				1,
				0.917,
				1,
				1,
				1.028,
				1,
				1.139,
				1,
				1.25,
				1,
				1,
				1.311,
				1,
				1.372,
				0.653,
				1.433,
				0.2,
				1,
				1.472,
				-0.088,
				1.511,
				-0.329,
				1.55,
				-0.5,
				1,
				1.572,
				-0.598,
				1.594,
				-0.6,
				1.617,
				-0.6,
				1,
				1.644,
				-0.6,
				1.672,
				-0.462,
				1.7,
				-0.2,
				1,
				1.75,
				0.271,
				1.8,
				0.5,
				1.85,
				0.5,
				1,
				1.939,
				0.5,
				2.028,
				-0.1,
				2.117,
				-0.1,
				1,
				2.356,
				-0.1,
				2.594,
				0,
				2.833,
				0,
				0,
				3.717,
				0
			]
		},
		{
			"Target": "Parameter",
			"Id": "ParamEyeBallY",
			"Segments": [
				0,
				0,
				1,
				0.139,
				0,
				0.278,
				0,
				0.417,
				0,
				1,
				0.583,
				0,
				0.75,
				0.5,
				0.917,
				0.5,
				1,
				1.028,
				0.5,
				1.139,
				0.5,
				1.25,
				0.5,
				1,
				1.311,
				0.5,
				1.372,
				0.5,
				1.433,
				0.5,
				1,
				1.472,
				0.5,
				1.511,
				0.183,
				1.55,
				-0.2,
				1,
				1.572,
				-0.419,
				1.594,
				-0.537,
				1.617,
				-0.7,
				1,
				1.644,
				-0.904,
				1.672,
				-1,
				1.7,
				-1,
				1,
				2.078,
				-1,
				2.456,
				0,
				2.833,
				0,
				0,
				3.717,
				0
			]
		},
		{
			"Target": "Parameter",
			"Id": "ParamMouthForm",
			"Segments": [
				0,
				0,
				1,
				0.139,
				0,
				0.278,
				0,
				0.417,
				0,
				1,
				0.472,
				0,
				0.528,
				0,
				0.583,
				0,
				1,
				0.694,
				0,
				0.806,
				-1,
				0.917,
				-1,
				1,
				1.272,
				-1,
				1.628,
				-1,
				1.983,
				-1,
				1,
				2.267,
				-1,
				2.55,
				0,
				2.833,
				0,
				0,
				3.717,
				0
			]
		},
		{
			"Target": "Parameter",
			"Id": "ParamMouthOpenY",
			"Segments": [
				0,
				0,
				1,
				0.139,
				0,
				0.278,
				0,
				0.417,
				0,
				1,
				0.472,
				0,
				0.528,
				0,
				0.583,
				0,
				1,
				0.694,
				0,
				0.806,
				0.6,
				0.917,
				0.6,
				1,
				1.272,
				0.6,
				1.628,
				0.6,
				1.983,
				0.6,
				1,
				2.267,
				0.6,
				2.55,
				0,
				2.833,
				0,
				0,
				3.717,
				0
			]
		}
	]
}