{
	"Version": 3,
	"Meta": {
		"Duration": 12.067,
		"Fps": 60.0,
		"Loop": true,
		"AreBeziersRestricted": true,
		"CurveCount": 25,
		"TotalSegmentCount": 111,
		"TotalPointCount": 272,
		"UserDataCount": 0,
		"TotalUserDataSize": 0
	},
	"Curves": [
		{
			"Target": "Parameter",
			"Id": "Param61",
			"Segments": [
				0,
				0,
				0,
				9.967,
				0,
				1,
				10.089,
				0,
				10.211,
				0,
				10.333,
				0,
				1,
				10.4,
				0,
				10.467,
				1,
				10.533,
				1,
				0,
				12.067,
				1
			]
		},
		{
			"Target": "Parameter",
			"Id": "Param62",
			"Segments": [
				0,
				0,
				0,
				1.567,
				0,
				1,
				1.678,
				0,
				1.789,
				0.7,
				1.9,
				0.7,
				1,
				2.044,
				0.7,
				2.189,
				0,
				2.333,
				0,
				1,
				2.456,
				0,
				2.578,
				0.7,
				2.7,
				0.7,
				1,
				2.8,
				0.7,
				2.9,
				0,
				3,
				0,
				1,
				3.122,
				0,
				3.244,
				0.7,
				3.367,
				0.7,
				1,
				3.522,
				0.7,
				3.678,
				0,
				3.833,
				0,
				1,
				3.967,
				0,
				4.1,
				0.7,
				4.233,
				0.7,
				1,
				4.344,
				0.7,
				4.456,
				0,
				4.567,
				0,
				0,
				12.067,
				0
			]
		},
		{
			"Target": "Parameter",
			"Id": "Param63",
			"Segments": [
				0,
				0,
				1,
				0.122,
				0,
				0.244,
				1,
				0.367,
				1,
				1,
				0.711,
				1,
				1.056,
				1,
				1.4,
				1,
				1,
				1.422,
				1,
				1.444,
				0,
				1.467,
				0,
				0,
				12.067,
				0
			]
		},
		{
			"Target": "Parameter",
			"Id": "Param64",
			"Segments": [
				0,
				0,
				0,
				0.367,
				0,
				1,
				0.533,
				0,
				0.7,
				1,
				0.867,
				1,
				0,
				12.067,
				1
			]
		},
		{
			"Target": "Parameter",
			"Id": "Param65",
			"Segments": [
				0,
				0,
				0,
				3,
				0,
				1,
				3.9,
				0,
				4.8,
				40,
				5.7,
				40,
				0,
				12.067,
				40
			]
		},
		{
			"Target": "Parameter",
			"Id": "Param66",
			"Segments": [
				0,
				0,
				0,
				5.867,
				0,
				1,
				6.833,
				0,
				7.8,
				45,
				8.767,
				45,
				0,
				12.067,
				45
			]
		},
		{
			"Target": "Parameter",
			"Id": "Param70",
			"Segments": [
				0,
				0,
				0,
				1.867,
				0,
				1,
				2.244,
				0,
				2.622,
				1,
				3,
				1,
				1,
				5.378,
				1,
				7.756,
				1,
				10.133,
				1,
				1,
				10.178,
				1,
				10.222,
				0,
				10.267,
				0,
				0,
				12.067,
				0
			]
		},
		{
			"Target": "Parameter",
			"Id": "Param68",
			"Segments": [
				0,
				0,
				0,
				8.367,
				0,
				1,
				8.578,
				0,
				8.789,
				0.517,
				9,
				0.7,
				1,
				9.322,
				0.98,
				9.644,
				1,
				9.967,
				1,
				1,
				10.089,
				1,
				10.211,
				1,
				10.333,
				1,
				1,
				10.4,
				1,
				10.467,
				0,
				10.533,
				0,
				0,
				12.067,
				0
			]
		},
		{
			"Target": "Parameter",
			"Id": "Param67",
			"Segments": [
				0,
				0,
				0,
				3,
				0,
				1,
				5.322,
				0,
				7.644,
				1,
				9.967,
				1,
				1,
				10.089,
				1,
				10.211,
				1,
				10.333,
				1,
				1,
				10.4,
				1,
				10.467,
				0,
				10.533,
				0,
				0,
				12.067,
				0
			]
		},
		{
			"Target": "Parameter",
			"Id": "Param69",
			"Segments": [
				0,
				0,
				0,
				2.967,
				0,
				1,
				2.978,
				0,
				2.989,
				1,
				3,
				1,
				0,
				12.067,
				1
			]
		},
		{
			"Target": "Parameter",
			"Id": "Param71",
			"Segments": [
				0,
				0,
				0,
				9.967,
				0,
				1,
				10.233,
				0,
				10.5,
				1.5,
				10.767,
				1.5,
				0,
				12.067,
				1.5
			]
		},
		{
			"Target": "Parameter",
			"Id": "Param73",
			"Segments": [
				0,
				0,
				0,
				10.3,
				0,
				1,
				10.344,
				0,
				10.389,
				-1,
				10.433,
				-1,
				1,
				10.533,
				-1,
				10.633,
				-0.803,
				10.733,
				0,
				1,
				10.778,
				0.357,
				10.822,
				1,
				10.867,
				1,
				1,
				10.989,
				1,
				11.111,
				0,
				11.233,
				0,
				0,
				12.067,
				0
			]
		},
		{
			"Target": "Parameter",
			"Id": "Param75",
			"Segments": [
				0,
				0,
				0,
				10.133,
				0,
				1,
				10.178,
				0,
				10.222,
				1,
				10.267,
				1,
				1,
				10.544,
				1,
				10.822,
				1,
				11.1,
				1,
				1,
				11.144,
				1,
				11.189,
				0,
				11.233,
				0,
				0,
				12.067,
				0
			]
		},
		{
			"Target": "Parameter",
			"Id": "Param72",
			"Segments": [
				0,
				0,
				0,
				10.733,
				0,
				1,
				10.9,
				0,
				11.067,
				1,
				11.233,
				1,
				0,
				12.067,
				1
			]
		},
		{
			"Target": "Parameter",
			"Id": "Param74",
			"Segments": [
				0,
				-1,
				0,
				10.133,
				-1,
				1,
				10.289,
				-1,
				10.444,
				-0.432,
				10.6,
				0.4,
				1,
				10.689,
				0.876,
				10.778,
				1,
				10.867,
				1,
				1,
				10.989,
				1,
				11.111,
				0,
				11.233,
				0,
				0,
				12.067,
				0
			]
		},
		{
			"Target": "Parameter",
			"Id": "ParamAngleX",
			"Segments": [
				0,
				0,
				1,
				0.122,
				0,
				0.244,
				30,
				0.367,
				30,
				1,
				0.533,
				30,
				0.7,
				0,
				0.867,
				0,
				0,
				12.067,
				0
			]
		},
		{
			"Target": "Parameter",
			"Id": "ParamAngleY",
			"Segments": [
				0,
				0,
				1,
				0.122,
				0,
				0.244,
				19,
				0.367,
				19,
				1,
				0.533,
				19,
				0.7,
				-9,
				0.867,
				-9,
				1,
				1.033,
				-9,
				1.2,
				15,
				1.367,
				15,
				1,
				1.422,
				15,
				1.478,
				-24,
				1.533,
				-24,
				1,
				2.022,
				-24,
				2.511,
				1,
				3,
				1,
				0,
				12.067,
				1
			]
		},
		{
			"Target": "Parameter",
			"Id": "ParamAngleZ",
			"Segments": [
				0,
				0,
				1,
				0.122,
				0,
				0.244,
				-13,
				0.367,
				-13,
				1,
				0.533,
				-13,
				0.7,
				0,
				0.867,
				0,
				0,
				12.067,
				0
			]
		},
		{
			"Target": "Parameter",
			"Id": "ParamEyeLOpen",
			"Segments": [
				0,
				1,
				0,
				1.367,
				1,
				1,
				1.422,
				1,
				1.478,
				0,
				1.533,
				0,
				1,
				4.4,
				0,
				7.267,
				0,
				10.133,
				0,
				1,
				10.178,
				0,
				10.222,
				1,
				10.267,
				1,
				0,
				12.067,
				1
			]
		},
		{
			"Target": "Parameter",
			"Id": "ParamEyeROpen",
			"Segments": [
				0,
				1,
				0,
				1.367,
				1,
				1,
				1.422,
				1,
				1.478,
				0,
				1.533,
				0,
				1,
				4.4,
				0,
				7.267,
				0,
				10.133,
				0,
				1,
				10.178,
				0,
				10.222,
				1,
				10.267,
				1,
				0,
				12.067,
				1
			]
		},
		{
			"Target": "Parameter",
			"Id": "ParamEyeBallX",
			"Segments": [
				0,
				0,
				1,
				0.122,
				0,
				0.244,
				1,
				0.367,
				1,
				1,
				0.533,
				1,
				0.7,
				0,
				0.867,
				0,
				0,
				12.067,
				0
			]
		},
		{
			"Target": "Parameter",
			"Id": "ParamEyeBallY",
			"Segments": [
				0,
				0,
				1,
				0.122,
				0,
				0.244,
				0.2,
				0.367,
				0.2,
				1,
				0.533,
				0.2,
				0.7,
				-0.9,
				0.867,
				-0.9,
				1,
				3.956,
				-0.9,
				7.044,
				-0.9,
				10.133,
				-0.9,
				1,
				10.178,
				-0.9,
				10.222,
				0,
				10.267,
				0,
				0,
				12.067,
				0
			]
		},
		{
			"Target": "Parameter",
			"Id": "ParamMouthForm",
			"Segments": [
				0,
				0,
				0,
				0.867,
				0,
				1,
				1.033,
				0,
				1.2,
				0.5,
				1.367,
				0.5,
				1,
				1.422,
				0.5,
				1.478,
				-0.3,
				1.533,
				-0.3,
				1,
				4.4,
				-0.3,
				7.267,
				-0.3,
				10.133,
				-0.3,
				1,
				10.178,
				-0.3,
				10.222,
				1,
				10.267,
				1,
				0,
				12.067,
				1
			]
		},
		{
			"Target": "Parameter",
			"Id": "ParamMouthOpenY",
			"Segments": [
				0,
				0,
				0,
				0.867,
				0,
				1,
				1.033,
				0,
				1.2,
				1,
				1.367,
				1,
				1,
				1.422,
				1,
				1.478,
				0,
				1.533,
				0,
				1,
				4.4,
				0,
				7.267,
				0,
				10.133,
				0,
				1,
				10.178,
				0,
				10.222,
				1,
				10.267,
				1,
				0,
				12.067,
				1
			]
		},
		{
			"Target": "Parameter",
			"Id": "ParamBodyAngleY",
			"Segments": [
				0,
				0,
				0,
				12.067,
				0
			]
		}
	]
}