{
    "Type": "Live2D Expression",
    "Parameters": [
        {
            "Id": "expression10",
            "Value": 1.0,
            "Blend": "Add"
        },
        {
            "Id": "ParamBrowLY",
            "Value": -0.16598618030548097,
            "Blend": "Add"
        },
        {
            "Id": "ParamBrowRY",
            "Value": -0.028866589069366456,
            "Blend": "Add"
        },
        {
            "Id": "ParamBrowLAngle",
            "Value": 0.0,
            "Blend": "Add"
        },
        {
            "Id": "ParamBrowRAngle",
            "Value": 0.0,
            "Blend": "Add"
        },
        {
            "Id": "ParamBrowLForm",
            "Value": -0.8556649684906006,
            "Blend": "Add"
        },
        {
            "Id": "ParamBrowRForm",
            "Value": -0.8773150444030762,
            "Blend": "Add"
        },
        {
            "Id": "Param83",
            "Value": 0.0,
            "Blend": "Add"
        }
    ]
}