{
	"Version": 3,
	"Meta": {
		"Duration": 3.533,
		"Fps": 60.0,
		"Loop": true,
		"AreBeziersRestricted": false,
		"CurveCount": 69,
		"TotalSegmentCount": 702,
		"TotalPointCount": 2047,
		"UserDataCount": 0,
		"TotalUserDataSize": 0
	},
	"Curves": [
		{
			"Target": "Parameter",
			"Id": "Param84",
			"Segments": [
				0,
				30,
				1,
				0.267,
				30,
				0.533,
				-30,
				0.8,
				-30,
				1,
				1.111,
				-30,
				1.422,
				30,
				1.733,
				30,
				1,
				2.056,
				30,
				2.378,
				-30,
				2.7,
				-30,
				1,
				2.978,
				-30,
				3.256,
				30,
				3.533,
				30
			]
		},
		{
			"Target": "Parameter",
			"Id": "Param87",
			"Segments": [
				0,
				30,
				1,
				0.128,
				30,
				0.256,
				0,
				0.383,
				0,
				1,
				0.522,
				0,
				0.661,
				30,
				0.8,
				30,
				1,
				0.956,
				30,
				1.111,
				0,
				1.267,
				0,
				1,
				1.422,
				0,
				1.578,
				30,
				1.733,
				30,
				1,
				2.056,
				30,
				2.378,
				30,
				2.7,
				30,
				1,
				2.85,
				30,
				3,
				0,
				3.15,
				0,
				1,
				3.278,
				0,
				3.406,
				30,
				3.533,
				30
			]
		},
		{
			"Target": "Parameter",
			"Id": "Param85",
			"Segments": [
				0,
				-30,
				1,
				0.267,
				-30,
				0.533,
				30,
				0.8,
				30,
				1,
				1.111,
				30,
				1.422,
				-30,
				1.733,
				-30,
				1,
				2.056,
				-30,
				2.378,
				30,
				2.7,
				30,
				1,
				2.978,
				30,
				3.256,
				-30,
				3.533,
				-30
			]
		},
		{
			"Target": "Parameter",
			"Id": "Param88",
			"Segments": [
				0,
				30,
				1,
				0.128,
				30,
				0.256,
				0,
				0.383,
				0,
				1,
				0.522,
				0,
				0.661,
				30,
				0.8,
				30,
				1,
				1.111,
				30,
				1.422,
				30,
				1.733,
				30,
				1,
				1.894,
				30,
				2.056,
				0,
				2.217,
				0,
				1,
				2.378,
				0,
				2.539,
				30,
				2.7,
				30,
				1,
				2.978,
				30,
				3.256,
				30,
				3.533,
				30
			]
		},
		{
			"Target": "Parameter",
			"Id": "Param89",
			"Segments": [
				0,
				2,
				1,
				0.061,
				2,
				0.122,
				16.866,
				0.183,
				23,
				1,
				0.25,
				29.692,
				0.317,
				30,
				0.383,
				30,
				1,
				0.456,
				30,
				0.528,
				22.361,
				0.6,
				13,
				1,
				0.667,
				4.359,
				0.733,
				2,
				0.8,
				2,
				1,
				0.878,
				2,
				0.956,
				16.272,
				1.033,
				23,
				1,
				1.111,
				29.728,
				1.189,
				30,
				1.267,
				30,
				1,
				1.35,
				30,
				1.433,
				22.757,
				1.517,
				13,
				1,
				1.589,
				4.544,
				1.661,
				2,
				1.733,
				2,
				1,
				1.817,
				2,
				1.9,
				15.777,
				1.983,
				23,
				1,
				2.061,
				29.741,
				2.139,
				30,
				2.217,
				30,
				1,
				2.3,
				30,
				2.383,
				22.757,
				2.467,
				13,
				1,
				2.539,
				4.544,
				2.611,
				2,
				2.683,
				2,
				1,
				2.761,
				2,
				2.839,
				16.272,
				2.917,
				23,
				1,
				2.994,
				29.728,
				3.072,
				30,
				3.15,
				30,
				1,
				3.222,
				30,
				3.294,
				23.462,
				3.367,
				13,
				1,
				3.422,
				4.953,
				3.478,
				2,
				3.533,
				2
			]
		},
		{
			"Target": "Parameter",
			"Id": "Param90",
			"Segments": [
				0,
				-30,
				1,
				0.061,
				-30,
				0.126,
				-30,
				0.183,
				-20,
				1,
				0.25,
				-8.402,
				0.317,
				30,
				0.383,
				30,
				1,
				0.456,
				30,
				0.528,
				27.711,
				0.6,
				10,
				1,
				0.667,
				-6.349,
				0.733,
				-30,
				0.8,
				-30,
				1,
				0.878,
				-30,
				0.959,
				-30,
				1.033,
				-20,
				1,
				1.111,
				-9.59,
				1.189,
				30,
				1.267,
				30,
				1,
				1.35,
				30,
				1.433,
				27.764,
				1.517,
				10,
				1,
				1.589,
				-5.396,
				1.661,
				-30,
				1.733,
				-30,
				1,
				1.817,
				-30,
				1.902,
				-30,
				1.983,
				-20,
				1,
				2.061,
				-10.424,
				2.139,
				30,
				2.217,
				30,
				1,
				2.3,
				30,
				2.383,
				27.764,
				2.467,
				10,
				1,
				2.539,
				-5.396,
				2.611,
				-30,
				2.683,
				-30,
				1,
				2.761,
				-30,
				2.842,
				-30,
				2.917,
				-20,
				1,
				2.994,
				-9.59,
				3.072,
				30,
				3.15,
				30,
				1,
				3.222,
				30,
				3.294,
				27.849,
				3.367,
				10,
				1,
				3.422,
				-3.73,
				3.478,
				-30,
				3.533,
				-30
			]
		},
		{
			"Target": "Parameter",
			"Id": "Param",
			"Segments": [
				0,
				0.005,
				1,
				0.1,
				0.005,
				0.2,
				-0.003,
				0.3,
				-0.003,
				1,
				0.306,
				-0.003,
				0.311,
				-0.003,
				0.317,
				-0.003,
				1,
				0.417,
				-0.003,
				0.517,
				0.001,
				0.617,
				0.001,
				1,
				0.633,
				0.001,
				0.65,
				0.001,
				0.667,
				0.001,
				1,
				0.672,
				0.001,
				0.678,
				0.001,
				0.683,
				0.001,
				1,
				0.689,
				0.001,
				0.694,
				0.001,
				0.7,
				0.001,
				1,
				0.728,
				0.001,
				0.756,
				0,
				0.783,
				0,
				1,
				0.883,
				0,
				0.983,
				2.085,
				1.083,
				2.085,
				1,
				1.217,
				2.085,
				1.35,
				-1.757,
				1.483,
				-1.757,
				1,
				1.594,
				-1.757,
				1.706,
				0.81,
				1.817,
				0.81,
				1,
				1.922,
				0.81,
				2.028,
				-3.181,
				2.133,
				-3.181,
				1,
				2.244,
				-3.181,
				2.356,
				2.782,
				2.467,
				2.782,
				1,
				2.583,
				2.782,
				2.7,
				-1.283,
				2.817,
				-1.283,
				1,
				2.928,
				-1.283,
				3.039,
				0.593,
				3.15,
				0.593,
				1,
				3.261,
				0.593,
				3.372,
				-0.274,
				3.483,
				-0.274,
				1,
				3.5,
				-0.274,
				3.517,
				0.005,
				3.533,
				0.005
			]
		},
		{
			"Target": "Parameter",
			"Id": "Param2",
			"Segments": [
				0,
				0.007,
				1,
				0.039,
				0.007,
				0.078,
				0.029,
				0.117,
				0.029,
				1,
				0.122,
				0.029,
				0.128,
				0.029,
				0.133,
				0.029,
				1,
				0.244,
				0.029,
				0.356,
				-0.015,
				0.467,
				-0.015,
				1,
				0.572,
				-0.015,
				0.678,
				0.007,
				0.783,
				0.007,
				1,
				0.85,
				0.007,
				0.917,
				-0.468,
				0.983,
				-0.468,
				1,
				1.089,
				-0.468,
				1.194,
				0.893,
				1.3,
				0.893,
				1,
				1.417,
				0.893,
				1.533,
				-1.181,
				1.65,
				-1.181,
				1,
				1.772,
				-1.181,
				1.894,
				1.539,
				2.017,
				1.539,
				1,
				2.128,
				1.539,
				2.239,
				-2.159,
				2.35,
				-2.159,
				1,
				2.456,
				-2.159,
				2.561,
				2.283,
				2.667,
				2.283,
				1,
				2.772,
				2.283,
				2.878,
				-1.689,
				2.983,
				-1.689,
				1,
				3.094,
				-1.689,
				3.206,
				1.082,
				3.317,
				1.082,
				1,
				3.389,
				1.082,
				3.461,
				0.007,
				3.533,
				0.007
			]
		},
		{
			"Target": "Parameter",
			"Id": "Param3",
			"Segments": [
				0,
				-0.007,
				1,
				0.039,
				-0.007,
				0.078,
				-0.029,
				0.117,
				-0.029,
				1,
				0.122,
				-0.029,
				0.128,
				-0.029,
				0.133,
				-0.029,
				1,
				0.244,
				-0.029,
				0.356,
				0.015,
				0.467,
				0.015,
				1,
				0.572,
				0.015,
				0.678,
				-0.007,
				0.783,
				-0.007,
				1,
				0.85,
				-0.007,
				0.917,
				0.468,
				0.983,
				0.468,
				1,
				1.089,
				0.468,
				1.194,
				-0.893,
				1.3,
				-0.893,
				1,
				1.417,
				-0.893,
				1.533,
				1.181,
				1.65,
				1.181,
				1,
				1.772,
				1.181,
				1.894,
				-1.539,
				2.017,
				-1.539,
				1,
				2.128,
				-1.539,
				2.239,
				2.159,
				2.35,
				2.159,
				1,
				2.456,
				2.159,
				2.561,
				-2.283,
				2.667,
				-2.283,
				1,
				2.772,
				-2.283,
				2.878,
				1.689,
				2.983,
				1.689,
				1,
				3.094,
				1.689,
				3.206,
				-1.082,
				3.317,
				-1.082,
				1,
				3.389,
				-1.082,
				3.461,
				-0.007,
				3.533,
				-0.007
			]
		},
		{
			"Target": "Parameter",
			"Id": "Param4",
			"Segments": [
				0,
				0.012,
				1,
				0.1,
				0.012,
				0.2,
				-0.006,
				0.3,
				-0.006,
				1,
				0.306,
				-0.006,
				0.311,
				-0.006,
				0.317,
				-0.006,
				1,
				0.422,
				-0.006,
				0.528,
				0.003,
				0.633,
				0.003,
				1,
				0.639,
				0.003,
				0.644,
				0.003,
				0.65,
				0.003,
				1,
				0.694,
				0.003,
				0.739,
				0.001,
				0.783,
				0.001,
				1,
				0.883,
				0.001,
				0.983,
				4.714,
				1.083,
				4.714,
				1,
				1.217,
				4.714,
				1.35,
				-3.962,
				1.483,
				-3.962,
				1,
				1.594,
				-3.962,
				1.706,
				1.812,
				1.817,
				1.812,
				1,
				1.922,
				1.812,
				2.028,
				-7.115,
				2.133,
				-7.115,
				1,
				2.25,
				-7.115,
				2.367,
				6.141,
				2.483,
				6.141,
				1,
				2.594,
				6.141,
				2.706,
				-2.787,
				2.817,
				-2.787,
				1,
				2.928,
				-2.787,
				3.039,
				1.28,
				3.15,
				1.28,
				1,
				3.267,
				1.28,
				3.383,
				-0.592,
				3.5,
				-0.592,
				1,
				3.511,
				-0.592,
				3.522,
				0.012,
				3.533,
				0.012
			]
		},
		{
			"Target": "Parameter",
			"Id": "Param5",
			"Segments": [
				0,
				0.011,
				1,
				0.044,
				0.011,
				0.089,
				0.06,
				0.133,
				0.06,
				1,
				0.244,
				0.06,
				0.356,
				-0.031,
				0.467,
				-0.031,
				1,
				0.572,
				-0.031,
				0.678,
				0.015,
				0.783,
				0.015,
				1,
				0.85,
				0.015,
				0.917,
				-1.044,
				0.983,
				-1.044,
				1,
				1.089,
				-1.044,
				1.194,
				1.999,
				1.3,
				1.999,
				1,
				1.417,
				1.999,
				1.533,
				-2.64,
				1.65,
				-2.64,
				1,
				1.772,
				-2.64,
				1.894,
				3.372,
				2.017,
				3.372,
				1,
				2.128,
				3.372,
				2.239,
				-4.686,
				2.35,
				-4.686,
				1,
				2.456,
				-4.686,
				2.561,
				4.832,
				2.667,
				4.832,
				1,
				2.778,
				4.832,
				2.889,
				-3.477,
				3,
				-3.477,
				1,
				3.111,
				-3.477,
				3.222,
				2.21,
				3.333,
				2.21,
				1,
				3.4,
				2.21,
				3.467,
				0.011,
				3.533,
				0.011
			]
		},
		{
			"Target": "Parameter",
			"Id": "Param15",
			"Segments": [
				0,
				0.005,
				1,
				0.1,
				0.005,
				0.2,
				-0.003,
				0.3,
				-0.003,
				1,
				0.306,
				-0.003,
				0.311,
				-0.003,
				0.317,
				-0.003,
				1,
				0.417,
				-0.003,
				0.517,
				0.001,
				0.617,
				0.001,
				1,
				0.633,
				0.001,
				0.65,
				0.001,
				0.667,
				0.001,
				1,
				0.672,
				0.001,
				0.678,
				0.001,
				0.683,
				0.001,
				1,
				0.689,
				0.001,
				0.694,
				0.001,
				0.7,
				0.001,
				1,
				0.728,
				0.001,
				0.756,
				0,
				0.783,
				0,
				1,
				0.883,
				0,
				0.983,
				2.085,
				1.083,
				2.085,
				1,
				1.217,
				2.085,
				1.35,
				-1.757,
				1.483,
				-1.757,
				1,
				1.594,
				-1.757,
				1.706,
				0.81,
				1.817,
				0.81,
				1,
				1.922,
				0.81,
				2.028,
				-3.181,
				2.133,
				-3.181,
				1,
				2.244,
				-3.181,
				2.356,
				2.782,
				2.467,
				2.782,
				1,
				2.583,
				2.782,
				2.7,
				-1.283,
				2.817,
				-1.283,
				1,
				2.928,
				-1.283,
				3.039,
				0.593,
				3.15,
				0.593,
				1,
				3.261,
				0.593,
				3.372,
				-0.274,
				3.483,
				-0.274,
				1,
				3.5,
				-0.274,
				3.517,
				0.005,
				3.533,
				0.005
			]
		},
		{
			"Target": "Parameter",
			"Id": "Param16",
			"Segments": [
				0,
				0.007,
				1,
				0.039,
				0.007,
				0.078,
				0.029,
				0.117,
				0.029,
				1,
				0.122,
				0.029,
				0.128,
				0.029,
				0.133,
				0.029,
				1,
				0.244,
				0.029,
				0.356,
				-0.015,
				0.467,
				-0.015,
				1,
				0.572,
				-0.015,
				0.678,
				0.007,
				0.783,
				0.007,
				1,
				0.85,
				0.007,
				0.917,
				-0.468,
				0.983,
				-0.468,
				1,
				1.089,
				-0.468,
				1.194,
				0.893,
				1.3,
				0.893,
				1,
				1.417,
				0.893,
				1.533,
				-1.181,
				1.65,
				-1.181,
				1,
				1.772,
				-1.181,
				1.894,
				1.539,
				2.017,
				1.539,
				1,
				2.128,
				1.539,
				2.239,
				-2.159,
				2.35,
				-2.159,
				1,
				2.456,
				-2.159,
				2.561,
				2.283,
				2.667,
				2.283,
				1,
				2.772,
				2.283,
				2.878,
				-1.689,
				2.983,
				-1.689,
				1,
				3.094,
				-1.689,
				3.206,
				1.082,
				3.317,
				1.082,
				1,
				3.389,
				1.082,
				3.461,
				0.007,
				3.533,
				0.007
			]
		},
		{
			"Target": "Parameter",
			"Id": "Param17",
			"Segments": [
				0,
				-0.007,
				1,
				0.039,
				-0.007,
				0.078,
				-0.029,
				0.117,
				-0.029,
				1,
				0.122,
				-0.029,
				0.128,
				-0.029,
				0.133,
				-0.029,
				1,
				0.244,
				-0.029,
				0.356,
				0.015,
				0.467,
				0.015,
				1,
				0.572,
				0.015,
				0.678,
				-0.007,
				0.783,
				-0.007,
				1,
				0.85,
				-0.007,
				0.917,
				0.468,
				0.983,
				0.468,
				1,
				1.089,
				0.468,
				1.194,
				-0.893,
				1.3,
				-0.893,
				1,
				1.417,
				-0.893,
				1.533,
				1.181,
				1.65,
				1.181,
				1,
				1.772,
				1.181,
				1.894,
				-1.539,
				2.017,
				-1.539,
				1,
				2.128,
				-1.539,
				2.239,
				2.159,
				2.35,
				2.159,
				1,
				2.456,
				2.159,
				2.561,
				-2.283,
				2.667,
				-2.283,
				1,
				2.772,
				-2.283,
				2.878,
				1.689,
				2.983,
				1.689,
				1,
				3.094,
				1.689,
				3.206,
				-1.082,
				3.317,
				-1.082,
				1,
				3.389,
				-1.082,
				3.461,
				-0.007,
				3.533,
				-0.007
			]
		},
		{
			"Target": "Parameter",
			"Id": "Param18",
			"Segments": [
				0,
				0.012,
				1,
				0.1,
				0.012,
				0.2,
				-0.006,
				0.3,
				-0.006,
				1,
				0.306,
				-0.006,
				0.311,
				-0.006,
				0.317,
				-0.006,
				1,
				0.422,
				-0.006,
				0.528,
				0.003,
				0.633,
				0.003,
				1,
				0.639,
				0.003,
				0.644,
				0.003,
				0.65,
				0.003,
				1,
				0.694,
				0.003,
				0.739,
				0.001,
				0.783,
				0.001,
				1,
				0.883,
				0.001,
				0.983,
				4.714,
				1.083,
				4.714,
				1,
				1.217,
				4.714,
				1.35,
				-3.962,
				1.483,
				-3.962,
				1,
				1.594,
				-3.962,
				1.706,
				1.812,
				1.817,
				1.812,
				1,
				1.922,
				1.812,
				2.028,
				-7.115,
				2.133,
				-7.115,
				1,
				2.25,
				-7.115,
				2.367,
				6.141,
				2.483,
				6.141,
				1,
				2.594,
				6.141,
				2.706,
				-2.787,
				2.817,
				-2.787,
				1,
				2.928,
				-2.787,
				3.039,
				1.28,
				3.15,
				1.28,
				1,
				3.267,
				1.28,
				3.383,
				-0.592,
				3.5,
				-0.592,
				1,
				3.511,
				-0.592,
				3.522,
				0.012,
				3.533,
				0.012
			]
		},
		{
			"Target": "Parameter",
			"Id": "Param19",
			"Segments": [
				0,
				0.011,
				1,
				0.044,
				0.011,
				0.089,
				0.06,
				0.133,
				0.06,
				1,
				0.244,
				0.06,
				0.356,
				-0.031,
				0.467,
				-0.031,
				1,
				0.572,
				-0.031,
				0.678,
				0.015,
				0.783,
				0.015,
				1,
				0.85,
				0.015,
				0.917,
				-1.044,
				0.983,
				-1.044,
				1,
				1.089,
				-1.044,
				1.194,
				1.999,
				1.3,
				1.999,
				1,
				1.417,
				1.999,
				1.533,
				-2.64,
				1.65,
				-2.64,
				1,
				1.772,
				-2.64,
				1.894,
				3.372,
				2.017,
				3.372,
				1,
				2.128,
				3.372,
				2.239,
				-4.686,
				2.35,
				-4.686,
				1,
				2.456,
				-4.686,
				2.561,
				4.832,
				2.667,
				4.832,
				1,
				2.778,
				4.832,
				2.889,
				-3.477,
				3,
				-3.477,
				1,
				3.111,
				-3.477,
				3.222,
				2.21,
				3.333,
				2.21,
				1,
				3.4,
				2.21,
				3.467,
				0.011,
				3.533,
				0.011
			]
		},
		{
			"Target": "Parameter",
			"Id": "Param45",
			"Segments": [
				0,
				-1.137,
				1,
				0.25,
				-1.137,
				0.5,
				1.342,
				0.75,
				1.342,
				1,
				1.056,
				1.342,
				1.361,
				-1.341,
				1.667,
				-1.341,
				1,
				1.994,
				-1.341,
				2.322,
				1.295,
				2.65,
				1.295,
				1,
				2.939,
				1.295,
				3.228,
				-1.308,
				3.517,
				-1.308,
				1,
				3.522,
				-1.308,
				3.528,
				-1.137,
				3.533,
				-1.137
			]
		},
		{
			"Target": "Parameter",
			"Id": "Param46",
			"Segments": [
				0,
				0.003,
				1,
				0.106,
				0.003,
				0.211,
				-0.281,
				0.317,
				-0.281,
				1,
				0.428,
				-0.281,
				0.539,
				0.158,
				0.65,
				0.158,
				1,
				0.717,
				0.158,
				0.783,
				0.079,
				0.85,
				0.079,
				1,
				0.917,
				0.079,
				0.983,
				0.133,
				1.05,
				0.133,
				1,
				1.133,
				0.133,
				1.217,
				-0.07,
				1.3,
				-0.07,
				1,
				1.372,
				-0.07,
				1.444,
				0.095,
				1.517,
				0.095,
				1,
				1.622,
				0.095,
				1.728,
				-0.2,
				1.833,
				-0.2,
				1,
				1.928,
				-0.2,
				2.022,
				-0.027,
				2.117,
				-0.027,
				1,
				2.15,
				-0.027,
				2.183,
				-0.123,
				2.217,
				-0.123,
				1,
				2.311,
				-0.123,
				2.406,
				0.05,
				2.5,
				0.05,
				1,
				2.544,
				0.05,
				2.589,
				0.03,
				2.633,
				0.03,
				1,
				2.733,
				0.03,
				2.833,
				0.218,
				2.933,
				0.218,
				1,
				2.961,
				0.218,
				2.989,
				0.173,
				3.017,
				0.173,
				1,
				3.033,
				0.173,
				3.05,
				0.197,
				3.067,
				0.197,
				1,
				3.156,
				0.197,
				3.244,
				-0.129,
				3.333,
				-0.129,
				1,
				3.4,
				-0.129,
				3.467,
				0.003,
				3.533,
				0.003
			]
		},
		{
			"Target": "Parameter",
			"Id": "Param47",
			"Segments": [
				0,
				0.054,
				1,
				0.133,
				0.054,
				0.267,
				-0.282,
				0.4,
				-0.282,
				1,
				0.517,
				-0.282,
				0.633,
				0.268,
				0.75,
				0.268,
				1,
				0.839,
				0.268,
				0.928,
				-0.018,
				1.017,
				-0.018,
				1,
				1.094,
				-0.018,
				1.172,
				0.144,
				1.25,
				0.144,
				1,
				1.322,
				0.144,
				1.394,
				-0.07,
				1.467,
				-0.07,
				1,
				1.533,
				-0.07,
				1.6,
				0.066,
				1.667,
				0.066,
				1,
				1.761,
				0.066,
				1.856,
				-0.24,
				1.95,
				-0.24,
				1,
				2.044,
				-0.24,
				2.139,
				0.082,
				2.233,
				0.082,
				1,
				2.3,
				0.082,
				2.367,
				-0.069,
				2.433,
				-0.069,
				1,
				2.539,
				-0.069,
				2.644,
				0.078,
				2.75,
				0.078,
				1,
				2.756,
				0.078,
				2.761,
				0.078,
				2.767,
				0.078,
				1,
				2.85,
				0.078,
				2.933,
				0.183,
				3.017,
				0.183,
				1,
				3.156,
				0.183,
				3.294,
				-0.169,
				3.433,
				-0.169,
				1,
				3.467,
				-0.169,
				3.5,
				0.054,
				3.533,
				0.054
			]
		},
		{
			"Target": "Parameter",
			"Id": "Param6",
			"Segments": [
				0,
				-0.084,
				1,
				0.006,
				-0.084,
				0.011,
				-0.084,
				0.017,
				-0.084,
				1,
				0.267,
				-0.084,
				0.517,
				0.1,
				0.767,
				0.1,
				1,
				0.772,
				0.1,
				0.778,
				0.1,
				0.783,
				0.1,
				1,
				1.089,
				0.1,
				1.394,
				-0.096,
				1.7,
				-0.096,
				1,
				1.706,
				-0.096,
				1.711,
				-0.096,
				1.717,
				-0.096,
				1,
				2.028,
				-0.096,
				2.339,
				0.096,
				2.65,
				0.096,
				1,
				2.933,
				0.096,
				3.217,
				-0.098,
				3.5,
				-0.098,
				1,
				3.506,
				-0.098,
				3.511,
				-0.098,
				3.517,
				-0.098,
				1,
				3.522,
				-0.098,
				3.528,
				-0.084,
				3.533,
				-0.084
			]
		},
		{
			"Target": "Parameter",
			"Id": "Param7",
			"Segments": [
				0,
				0,
				1,
				0.122,
				0,
				0.244,
				-0.04,
				0.367,
				-0.04,
				1,
				0.372,
				-0.04,
				0.378,
				-0.04,
				0.383,
				-0.04,
				1,
				0.389,
				-0.04,
				0.394,
				-0.04,
				0.4,
				-0.04,
				1,
				0.406,
				-0.04,
				0.411,
				-0.04,
				0.417,
				-0.04,
				1,
				0.639,
				-0.04,
				0.861,
				0.029,
				1.083,
				0.029,
				1,
				1.089,
				0.029,
				1.094,
				0.029,
				1.1,
				0.029,
				1,
				1.422,
				0.029,
				1.744,
				-0.028,
				2.067,
				-0.028,
				1,
				2.139,
				-0.028,
				2.211,
				-0.017,
				2.283,
				-0.017,
				1,
				2.322,
				-0.017,
				2.361,
				-0.019,
				2.4,
				-0.019,
				1,
				2.406,
				-0.019,
				2.411,
				-0.019,
				2.417,
				-0.019,
				1,
				2.617,
				-0.019,
				2.817,
				0.033,
				3.017,
				0.033,
				1,
				3.022,
				0.033,
				3.028,
				0.033,
				3.033,
				0.033,
				1,
				3.2,
				0.033,
				3.367,
				0,
				3.533,
				0
			]
		},
		{
			"Target": "Parameter",
			"Id": "Param8",
			"Segments": [
				0,
				0,
				1,
				0.006,
				0,
				0.011,
				0,
				0.017,
				0,
				1,
				0.028,
				0,
				0.039,
				0,
				0.05,
				0,
				1,
				0.211,
				0,
				0.372,
				-0.05,
				0.533,
				-0.05,
				1,
				0.539,
				-0.05,
				0.544,
				-0.05,
				0.55,
				-0.05,
				1,
				0.778,
				-0.05,
				1.006,
				0.039,
				1.233,
				0.039,
				1,
				1.561,
				0.039,
				1.889,
				-0.04,
				2.217,
				-0.04,
				1,
				2.528,
				-0.04,
				2.839,
				0.045,
				3.15,
				0.045,
				1,
				3.278,
				0.045,
				3.406,
				0,
				3.533,
				0
			]
		},
		{
			"Target": "Parameter",
			"Id": "Param9",
			"Segments": [
				0,
				0,
				1,
				0.006,
				0,
				0.011,
				0,
				0.017,
				0,
				1,
				0.05,
				0,
				0.083,
				0,
				0.117,
				0,
				1,
				0.294,
				0,
				0.472,
				-0.056,
				0.65,
				-0.056,
				1,
				0.656,
				-0.056,
				0.661,
				-0.056,
				0.667,
				-0.056,
				1,
				0.883,
				-0.056,
				1.1,
				0.044,
				1.317,
				0.044,
				1,
				1.322,
				0.044,
				1.328,
				0.044,
				1.333,
				0.044,
				1,
				1.667,
				0.044,
				2,
				-0.045,
				2.333,
				-0.045,
				1,
				2.644,
				-0.045,
				2.956,
				0.056,
				3.267,
				0.056,
				1,
				3.356,
				0.056,
				3.444,
				0,
				3.533,
				0
			]
		},
		{
			"Target": "Parameter",
			"Id": "Param39",
			"Segments": [
				0,
				0,
				1,
				1.178,
				0,
				2.356,
				0,
				3.533,
				0
			]
		},
		{
			"Target": "Parameter",
			"Id": "Param40",
			"Segments": [
				0,
				0,
				1,
				1.178,
				0,
				2.356,
				0,
				3.533,
				0
			]
		},
		{
			"Target": "Parameter",
			"Id": "Param41",
			"Segments": [
				0,
				0,
				1,
				1.178,
				0,
				2.356,
				0,
				3.533,
				0
			]
		},
		{
			"Target": "Parameter",
			"Id": "Param42",
			"Segments": [
				0,
				0,
				1,
				1.178,
				0,
				2.356,
				0,
				3.533,
				0
			]
		},
		{
			"Target": "Parameter",
			"Id": "Param10",
			"Segments": [
				0,
				-0.076,
				1,
				0.006,
				-0.076,
				0.011,
				-0.076,
				0.017,
				-0.076,
				1,
				0.267,
				-0.076,
				0.517,
				0.091,
				0.767,
				0.091,
				1,
				1.078,
				0.091,
				1.389,
				-0.087,
				1.7,
				-0.087,
				1,
				1.706,
				-0.087,
				1.711,
				-0.087,
				1.717,
				-0.087,
				1,
				2.028,
				-0.087,
				2.339,
				0.087,
				2.65,
				0.087,
				1,
				2.656,
				0.087,
				2.661,
				0.087,
				2.667,
				0.087,
				1,
				2.944,
				0.087,
				3.222,
				-0.09,
				3.5,
				-0.09,
				1,
				3.506,
				-0.09,
				3.511,
				-0.09,
				3.517,
				-0.09,
				1,
				3.522,
				-0.09,
				3.528,
				-0.076,
				3.533,
				-0.076
			]
		},
		{
			"Target": "Parameter",
			"Id": "Param11",
			"Segments": [
				0,
				0,
				1,
				0.117,
				0,
				0.233,
				-0.033,
				0.35,
				-0.033,
				1,
				0.583,
				-0.033,
				0.817,
				0.024,
				1.05,
				0.024,
				1,
				1.378,
				0.024,
				1.706,
				-0.023,
				2.033,
				-0.023,
				1,
				2.356,
				-0.023,
				2.678,
				0.028,
				3,
				0.028,
				1,
				3.006,
				0.028,
				3.011,
				0.028,
				3.017,
				0.028,
				1,
				3.189,
				0.028,
				3.361,
				0,
				3.533,
				0
			]
		},
		{
			"Target": "Parameter",
			"Id": "Param12",
			"Segments": [
				0,
				0,
				1,
				0.006,
				0,
				0.011,
				0,
				0.017,
				0,
				1,
				0.022,
				0,
				0.028,
				0,
				0.033,
				0,
				1,
				0.044,
				0,
				0.056,
				0,
				0.067,
				0,
				1,
				0.211,
				0,
				0.356,
				-0.049,
				0.5,
				-0.049,
				1,
				0.728,
				-0.049,
				0.956,
				0.039,
				1.183,
				0.039,
				1,
				1.189,
				0.039,
				1.194,
				0.039,
				1.2,
				0.039,
				1,
				1.211,
				0.039,
				1.222,
				0.038,
				1.233,
				0.038,
				1,
				1.239,
				0.038,
				1.244,
				0.038,
				1.25,
				0.038,
				1,
				1.561,
				0.038,
				1.872,
				-0.038,
				2.183,
				-0.038,
				1,
				2.2,
				-0.038,
				2.217,
				-0.037,
				2.233,
				-0.037,
				1,
				2.239,
				-0.037,
				2.244,
				-0.037,
				2.25,
				-0.037,
				1,
				2.256,
				-0.037,
				2.261,
				-0.037,
				2.267,
				-0.037,
				1,
				2.556,
				-0.037,
				2.844,
				0.046,
				3.133,
				0.046,
				1,
				3.267,
				0.046,
				3.4,
				0,
				3.533,
				0
			]
		},
		{
			"Target": "Parameter",
			"Id": "Param13",
			"Segments": [
				0,
				0,
				1,
				0.006,
				0,
				0.011,
				-0.001,
				0.017,
				-0.001,
				1,
				0.022,
				-0.001,
				0.028,
				-0.001,
				0.033,
				-0.001,
				1,
				0.039,
				-0.001,
				0.044,
				-0.001,
				0.05,
				-0.001,
				1,
				0.061,
				-0.001,
				0.072,
				-0.001,
				0.083,
				-0.001,
				1,
				0.089,
				-0.001,
				0.094,
				-0.001,
				0.1,
				-0.001,
				1,
				0.106,
				-0.001,
				0.111,
				-0.001,
				0.117,
				-0.001,
				1,
				0.128,
				-0.001,
				0.139,
				0,
				0.15,
				0,
				1,
				0.167,
				0,
				0.183,
				0,
				0.2,
				0,
				1,
				0.339,
				0,
				0.478,
				-0.052,
				0.617,
				-0.052,
				1,
				0.622,
				-0.052,
				0.628,
				-0.052,
				0.633,
				-0.052,
				1,
				0.85,
				-0.052,
				1.067,
				0.037,
				1.283,
				0.037,
				1,
				1.289,
				0.037,
				1.294,
				0.037,
				1.3,
				0.037,
				1,
				1.611,
				0.037,
				1.922,
				-0.035,
				2.233,
				-0.035,
				1,
				2.572,
				-0.035,
				2.911,
				0.043,
				3.25,
				0.043,
				1,
				3.256,
				0.043,
				3.261,
				0.043,
				3.267,
				0.043,
				1,
				3.356,
				0.043,
				3.444,
				0,
				3.533,
				0
			]
		},
		{
			"Target": "Parameter",
			"Id": "Param35",
			"Segments": [
				0,
				0,
				1,
				1.178,
				0,
				2.356,
				0,
				3.533,
				0
			]
		},
		{
			"Target": "Parameter",
			"Id": "Param36",
			"Segments": [
				0,
				0,
				1,
				1.178,
				0,
				2.356,
				0,
				3.533,
				0
			]
		},
		{
			"Target": "Parameter",
			"Id": "Param37",
			"Segments": [
				0,
				0,
				1,
				1.178,
				0,
				2.356,
				0,
				3.533,
				0
			]
		},
		{
			"Target": "Parameter",
			"Id": "Param38",
			"Segments": [
				0,
				0,
				1,
				1.178,
				0,
				2.356,
				0,
				3.533,
				0
			]
		},
		{
			"Target": "Parameter",
			"Id": "Param20",
			"Segments": [
				0,
				0.027,
				1,
				0.006,
				0.027,
				0.011,
				0.027,
				0.017,
				0.027,
				1,
				0.283,
				0.027,
				0.55,
				-0.035,
				0.817,
				-0.035,
				1,
				0.822,
				-0.035,
				0.828,
				-0.035,
				0.833,
				-0.035,
				1,
				1.133,
				-0.035,
				1.433,
				0.034,
				1.733,
				0.034,
				1,
				1.739,
				0.034,
				1.744,
				0.034,
				1.75,
				0.034,
				1,
				2.061,
				0.034,
				2.372,
				-0.033,
				2.683,
				-0.033,
				1,
				2.689,
				-0.033,
				2.694,
				-0.033,
				2.7,
				-0.033,
				1,
				2.978,
				-0.033,
				3.256,
				0.027,
				3.533,
				0.027
			]
		},
		{
			"Target": "Parameter",
			"Id": "Param21",
			"Segments": [
				0,
				-0.027,
				1,
				0.006,
				-0.027,
				0.011,
				-0.027,
				0.017,
				-0.027,
				1,
				0.283,
				-0.027,
				0.55,
				0.035,
				0.817,
				0.035,
				1,
				0.822,
				0.035,
				0.828,
				0.035,
				0.833,
				0.035,
				1,
				1.133,
				0.035,
				1.433,
				-0.034,
				1.733,
				-0.034,
				1,
				1.739,
				-0.034,
				1.744,
				-0.034,
				1.75,
				-0.034,
				1,
				2.061,
				-0.034,
				2.372,
				0.033,
				2.683,
				0.033,
				1,
				2.689,
				0.033,
				2.694,
				0.033,
				2.7,
				0.033,
				1,
				2.978,
				0.033,
				3.256,
				-0.027,
				3.533,
				-0.027
			]
		},
		{
			"Target": "Parameter",
			"Id": "Param22",
			"Segments": [
				0,
				0,
				1,
				0.1,
				0,
				0.2,
				0.032,
				0.3,
				0.032,
				1,
				0.439,
				0.032,
				0.578,
				-0.053,
				0.717,
				-0.053,
				1,
				0.911,
				-0.053,
				1.106,
				0.08,
				1.3,
				0.08,
				1,
				1.444,
				0.08,
				1.589,
				0.028,
				1.733,
				0.028,
				1,
				1.906,
				0.028,
				2.078,
				0.072,
				2.25,
				0.072,
				1,
				2.256,
				0.072,
				2.261,
				0.072,
				2.267,
				0.072,
				1,
				2.411,
				0.072,
				2.556,
				-0.028,
				2.7,
				-0.028,
				1,
				2.844,
				-0.028,
				2.989,
				0.082,
				3.133,
				0.082,
				1,
				3.267,
				0.082,
				3.4,
				0,
				3.533,
				0
			]
		},
		{
			"Target": "Parameter",
			"Id": "Param23",
			"Segments": [
				0,
				0.03,
				1,
				0.072,
				0.03,
				0.144,
				0.007,
				0.217,
				0.007,
				1,
				0.356,
				0.007,
				0.494,
				0.131,
				0.633,
				0.131,
				1,
				0.856,
				0.131,
				1.078,
				-0.107,
				1.3,
				-0.107,
				1,
				1.444,
				-0.107,
				1.589,
				-0.037,
				1.733,
				-0.037,
				1,
				1.906,
				-0.037,
				2.078,
				-0.096,
				2.25,
				-0.096,
				1,
				2.256,
				-0.096,
				2.261,
				-0.096,
				2.267,
				-0.096,
				1,
				2.411,
				-0.096,
				2.556,
				0.037,
				2.7,
				0.037,
				1,
				2.844,
				0.037,
				2.989,
				-0.109,
				3.133,
				-0.109,
				1,
				3.267,
				-0.109,
				3.4,
				0.03,
				3.533,
				0.03
			]
		},
		{
			"Target": "Parameter",
			"Id": "Param24",
			"Segments": [
				0,
				0,
				1,
				0.056,
				0,
				0.111,
				0.011,
				0.167,
				0.011,
				1,
				0.311,
				0.011,
				0.456,
				-0.064,
				0.6,
				-0.064,
				1,
				0.756,
				-0.064,
				0.911,
				0.09,
				1.067,
				0.09,
				1,
				1.072,
				0.09,
				1.078,
				0.09,
				1.083,
				0.09,
				1,
				1.267,
				0.09,
				1.45,
				-0.033,
				1.633,
				-0.033,
				1,
				1.739,
				-0.033,
				1.844,
				-0.016,
				1.95,
				-0.016,
				1,
				1.956,
				-0.016,
				1.961,
				-0.016,
				1.967,
				-0.016,
				1,
				2.15,
				-0.016,
				2.333,
				-0.042,
				2.517,
				-0.042,
				1,
				2.667,
				-0.042,
				2.817,
				0.091,
				2.967,
				0.091,
				1,
				3.111,
				0.091,
				3.256,
				-0.042,
				3.4,
				-0.042,
				1,
				3.444,
				-0.042,
				3.489,
				0,
				3.533,
				0
			]
		},
		{
			"Target": "Parameter",
			"Id": "Param25",
			"Segments": [
				0,
				0,
				1,
				0.011,
				0,
				0.022,
				0,
				0.033,
				0,
				1,
				0.111,
				0,
				0.189,
				0.009,
				0.267,
				0.009,
				1,
				0.422,
				0.009,
				0.578,
				-0.08,
				0.733,
				-0.08,
				1,
				0.906,
				-0.08,
				1.078,
				0.11,
				1.25,
				0.11,
				1,
				1.256,
				0.11,
				1.261,
				0.11,
				1.267,
				0.11,
				1,
				1.483,
				0.11,
				1.7,
				-0.032,
				1.917,
				-0.032,
				1,
				1.967,
				-0.032,
				2.017,
				-0.03,
				2.067,
				-0.03,
				1,
				2.072,
				-0.03,
				2.078,
				-0.03,
				2.083,
				-0.03,
				1,
				2.089,
				-0.03,
				2.094,
				-0.03,
				2.1,
				-0.03,
				1,
				2.106,
				-0.03,
				2.111,
				-0.03,
				2.117,
				-0.03,
				1,
				2.122,
				-0.03,
				2.128,
				-0.03,
				2.133,
				-0.03,
				1,
				2.294,
				-0.03,
				2.456,
				-0.065,
				2.617,
				-0.065,
				1,
				2.789,
				-0.065,
				2.961,
				0.119,
				3.133,
				0.119,
				1,
				3.267,
				0.119,
				3.4,
				0,
				3.533,
				0
			]
		},
		{
			"Target": "Parameter",
			"Id": "Param43",
			"Segments": [
				0,
				0,
				1,
				0.1,
				0,
				0.2,
				-0.16,
				0.3,
				-0.16,
				1,
				0.433,
				-0.16,
				0.567,
				0.207,
				0.7,
				0.207,
				1,
				0.839,
				0.207,
				0.978,
				-0.193,
				1.117,
				-0.193,
				1,
				1.267,
				-0.193,
				1.417,
				0.181,
				1.567,
				0.181,
				1,
				1.572,
				0.181,
				1.578,
				0.181,
				1.583,
				0.181,
				1,
				1.75,
				0.181,
				1.917,
				-0.15,
				2.083,
				-0.15,
				1,
				2.256,
				-0.15,
				2.428,
				0.207,
				2.6,
				0.207,
				1,
				2.739,
				0.207,
				2.878,
				-0.199,
				3.017,
				-0.199,
				1,
				3.139,
				-0.199,
				3.261,
				0.207,
				3.383,
				0.207,
				1,
				3.433,
				0.207,
				3.483,
				0,
				3.533,
				0
			]
		},
		{
			"Target": "Parameter",
			"Id": "Param44",
			"Segments": [
				0,
				0,
				1,
				0.067,
				0,
				0.133,
				0.064,
				0.2,
				0.064,
				1,
				0.317,
				0.064,
				0.433,
				-0.154,
				0.55,
				-0.154,
				1,
				0.672,
				-0.154,
				0.794,
				0.18,
				0.917,
				0.18,
				1,
				0.922,
				0.18,
				0.928,
				0.18,
				0.933,
				0.18,
				1,
				1.072,
				0.18,
				1.211,
				-0.154,
				1.35,
				-0.154,
				1,
				1.5,
				-0.154,
				1.65,
				0.126,
				1.8,
				0.126,
				1,
				2.022,
				0.126,
				2.244,
				-0.102,
				2.467,
				-0.102,
				1,
				2.589,
				-0.102,
				2.711,
				0.176,
				2.833,
				0.176,
				1,
				2.972,
				0.176,
				3.111,
				-0.174,
				3.25,
				-0.174,
				1,
				3.344,
				-0.174,
				3.439,
				0,
				3.533,
				0
			]
		},
		{
			"Target": "Parameter",
			"Id": "Param26",
			"Segments": [
				0,
				-0.091,
				1,
				0.128,
				-0.091,
				0.256,
				0.084,
				0.383,
				0.084,
				1,
				0.472,
				0.084,
				0.561,
				-0.006,
				0.65,
				-0.006,
				1,
				0.772,
				-0.006,
				0.894,
				0.232,
				1.017,
				0.232,
				1,
				1.2,
				0.232,
				1.383,
				-0.28,
				1.567,
				-0.28,
				1,
				1.789,
				-0.28,
				2.011,
				0.1,
				2.233,
				0.1,
				1,
				2.344,
				0.1,
				2.456,
				-0.005,
				2.567,
				-0.005,
				1,
				2.683,
				-0.005,
				2.8,
				0.219,
				2.917,
				0.219,
				1,
				3.083,
				0.219,
				3.25,
				-0.32,
				3.417,
				-0.32,
				1,
				3.456,
				-0.32,
				3.494,
				-0.091,
				3.533,
				-0.091
			]
		},
		{
			"Target": "Parameter",
			"Id": "Param27",
			"Segments": [
				0,
				-0.001,
				1,
				0.083,
				-0.001,
				0.167,
				-0.042,
				0.25,
				-0.042,
				1,
				0.35,
				-0.042,
				0.45,
				0.03,
				0.55,
				0.03,
				1,
				0.661,
				0.03,
				0.772,
				-0.092,
				0.883,
				-0.092,
				1,
				1.022,
				-0.092,
				1.161,
				0.163,
				1.3,
				0.163,
				1,
				1.461,
				0.163,
				1.622,
				-0.113,
				1.783,
				-0.113,
				1,
				1.933,
				-0.113,
				2.083,
				0.025,
				2.233,
				0.025,
				1,
				2.278,
				0.025,
				2.322,
				0.018,
				2.367,
				0.018,
				1,
				2.383,
				0.018,
				2.4,
				0.018,
				2.417,
				0.018,
				1,
				2.422,
				0.018,
				2.428,
				0.018,
				2.433,
				0.018,
				1,
				2.55,
				0.018,
				2.667,
				-0.083,
				2.783,
				-0.083,
				1,
				2.922,
				-0.083,
				3.061,
				0.173,
				3.2,
				0.173,
				1,
				3.311,
				0.173,
				3.422,
				-0.001,
				3.533,
				-0.001
			]
		},
		{
			"Target": "Parameter",
			"Id": "Param28",
			"Segments": [
				0,
				0.004,
				1,
				0.133,
				0.004,
				0.267,
				-0.024,
				0.4,
				-0.024,
				1,
				0.494,
				-0.024,
				0.589,
				0.014,
				0.683,
				0.014,
				1,
				0.8,
				0.014,
				0.917,
				-0.097,
				1.033,
				-0.097,
				1,
				1.189,
				-0.097,
				1.344,
				0.212,
				1.5,
				0.212,
				1,
				1.667,
				0.212,
				1.833,
				-0.172,
				2,
				-0.172,
				1,
				2.167,
				-0.172,
				2.333,
				0.069,
				2.5,
				0.069,
				1,
				2.644,
				0.069,
				2.789,
				-0.104,
				2.933,
				-0.104,
				1,
				3.083,
				-0.104,
				3.233,
				0.219,
				3.383,
				0.219,
				1,
				3.433,
				0.219,
				3.483,
				0.004,
				3.533,
				0.004
			]
		},
		{
			"Target": "Parameter",
			"Id": "Param29",
			"Segments": [
				0,
				0.09,
				1,
				0.078,
				0.09,
				0.156,
				0.166,
				0.233,
				0.166,
				1,
				0.389,
				0.166,
				0.544,
				-0.318,
				0.7,
				-0.318,
				1,
				0.706,
				-0.318,
				0.711,
				-0.318,
				0.717,
				-0.318,
				1,
				0.867,
				-0.318,
				1.017,
				0.117,
				1.167,
				0.117,
				1,
				1.278,
				0.117,
				1.389,
				-0.01,
				1.5,
				-0.01,
				1,
				1.644,
				-0.01,
				1.789,
				0.196,
				1.933,
				0.196,
				1,
				2.15,
				0.196,
				2.367,
				-0.297,
				2.583,
				-0.297,
				1,
				2.589,
				-0.297,
				2.594,
				-0.297,
				2.6,
				-0.297,
				1,
				2.756,
				-0.297,
				2.911,
				0.134,
				3.067,
				0.134,
				1,
				3.172,
				0.134,
				3.278,
				-0.013,
				3.383,
				-0.013,
				1,
				3.433,
				-0.013,
				3.483,
				0.09,
				3.533,
				0.09
			]
		},
		{
			"Target": "Parameter",
			"Id": "Param30",
			"Segments": [
				0,
				-0.002,
				1,
				0.05,
				-0.002,
				0.1,
				-0.019,
				0.15,
				-0.019,
				1,
				0.156,
				-0.019,
				0.161,
				-0.019,
				0.167,
				-0.019,
				1,
				0.289,
				-0.019,
				0.411,
				0.149,
				0.533,
				0.149,
				1,
				0.667,
				0.149,
				0.8,
				-0.16,
				0.933,
				-0.16,
				1,
				1.067,
				-0.16,
				1.2,
				0.081,
				1.333,
				0.081,
				1,
				1.467,
				0.081,
				1.6,
				-0.097,
				1.733,
				-0.097,
				1,
				1.889,
				-0.097,
				2.044,
				0.116,
				2.2,
				0.116,
				1,
				2.411,
				0.116,
				2.622,
				-0.136,
				2.833,
				-0.136,
				1,
				2.989,
				-0.136,
				3.144,
				0.123,
				3.3,
				0.123,
				1,
				3.378,
				0.123,
				3.456,
				-0.002,
				3.533,
				-0.002
			]
		},
		{
			"Target": "Parameter",
			"Id": "Param31",
			"Segments": [
				0,
				0.004,
				1,
				0.078,
				0.004,
				0.156,
				-0.007,
				0.233,
				-0.007,
				1,
				0.389,
				-0.007,
				0.544,
				0.171,
				0.7,
				0.171,
				1,
				0.85,
				0.171,
				1,
				-0.19,
				1.15,
				-0.19,
				1,
				1.283,
				-0.19,
				1.417,
				0.082,
				1.55,
				0.082,
				1,
				1.678,
				0.082,
				1.806,
				-0.113,
				1.933,
				-0.113,
				1,
				2.1,
				-0.113,
				2.267,
				0.18,
				2.433,
				0.18,
				1,
				2.622,
				0.18,
				2.811,
				-0.182,
				3,
				-0.182,
				1,
				3.178,
				-0.182,
				3.356,
				0.004,
				3.533,
				0.004
			]
		},
		{
			"Target": "Parameter",
			"Id": "Param32",
			"Segments": [
				0,
				-0.728,
				1,
				0.244,
				-0.728,
				0.489,
				1.287,
				0.733,
				1.287,
				1,
				1.05,
				1.287,
				1.367,
				-1.098,
				1.683,
				-1.098,
				1,
				2,
				-1.098,
				2.317,
				1.086,
				2.633,
				1.086,
				1,
				2.911,
				1.086,
				3.189,
				-1.18,
				3.467,
				-1.18,
				1,
				3.489,
				-1.18,
				3.511,
				-0.728,
				3.533,
				-0.728
			]
		},
		{
			"Target": "Parameter",
			"Id": "Param33",
			"Segments": [
				0,
				-0.017,
				1,
				0.028,
				-0.017,
				0.056,
				0.007,
				0.083,
				0.007,
				1,
				0.2,
				0.007,
				0.317,
				-0.425,
				0.433,
				-0.425,
				1,
				0.572,
				-0.425,
				0.711,
				0.437,
				0.85,
				0.437,
				1,
				1.028,
				0.437,
				1.206,
				-0.029,
				1.383,
				-0.029,
				1,
				1.389,
				-0.029,
				1.394,
				-0.029,
				1.4,
				-0.029,
				1,
				1.456,
				-0.029,
				1.511,
				-0.009,
				1.567,
				-0.009,
				1,
				1.572,
				-0.009,
				1.578,
				-0.009,
				1.583,
				-0.009,
				1,
				1.728,
				-0.009,
				1.872,
				-0.295,
				2.017,
				-0.295,
				1,
				2.161,
				-0.295,
				2.306,
				0.098,
				2.45,
				0.098,
				1,
				2.517,
				0.098,
				2.583,
				0.061,
				2.65,
				0.061,
				1,
				2.772,
				0.061,
				2.894,
				0.325,
				3.017,
				0.325,
				1,
				3.172,
				0.325,
				3.328,
				-0.213,
				3.483,
				-0.213,
				1,
				3.5,
				-0.213,
				3.517,
				-0.017,
				3.533,
				-0.017
			]
		},
		{
			"Target": "Parameter",
			"Id": "Param34",
			"Segments": [
				0,
				-0.182,
				1,
				0.083,
				-0.182,
				0.167,
				0.027,
				0.25,
				0.027,
				1,
				0.356,
				0.027,
				0.461,
				-0.546,
				0.567,
				-0.546,
				1,
				0.7,
				-0.546,
				0.833,
				0.781,
				0.967,
				0.781,
				1,
				1.1,
				0.781,
				1.233,
				-0.279,
				1.367,
				-0.279,
				1,
				1.478,
				-0.279,
				1.589,
				0.105,
				1.7,
				0.105,
				1,
				1.833,
				0.105,
				1.967,
				-0.413,
				2.1,
				-0.413,
				1,
				2.244,
				-0.413,
				2.389,
				0.256,
				2.533,
				0.256,
				1,
				2.628,
				0.256,
				2.722,
				0.011,
				2.817,
				0.011,
				1,
				2.928,
				0.011,
				3.039,
				0.423,
				3.15,
				0.423,
				1,
				3.278,
				0.423,
				3.406,
				-0.182,
				3.533,
				-0.182
			]
		},
		{
			"Target": "Parameter",
			"Id": "Param55",
			"Segments": [
				0,
				-0.079,
				1,
				0.011,
				-0.079,
				0.022,
				-0.079,
				0.033,
				-0.079,
				1,
				0.039,
				-0.079,
				0.044,
				-0.079,
				0.05,
				-0.079,
				1,
				0.167,
				-0.079,
				0.283,
				-0.079,
				0.4,
				-0.079,
				1,
				0.406,
				-0.079,
				0.411,
				-0.079,
				0.417,
				-0.079,
				1,
				0.506,
				-0.079,
				0.594,
				-0.079,
				0.683,
				-0.079,
				1,
				0.689,
				-0.079,
				0.694,
				-0.079,
				0.7,
				-0.079,
				1,
				0.733,
				-0.079,
				0.767,
				-0.079,
				0.8,
				-0.079,
				1,
				0.994,
				-0.079,
				1.189,
				0.129,
				1.383,
				0.129,
				1,
				1.494,
				0.129,
				1.606,
				0.055,
				1.717,
				0.055,
				1,
				1.789,
				0.055,
				1.861,
				0.078,
				1.933,
				0.078,
				1,
				2.078,
				0.078,
				2.222,
				-0.16,
				2.367,
				-0.16,
				1,
				2.478,
				-0.16,
				2.589,
				-0.041,
				2.7,
				-0.041,
				1,
				2.811,
				-0.041,
				2.922,
				-0.096,
				3.033,
				-0.096,
				1,
				3.039,
				-0.096,
				3.044,
				-0.096,
				3.05,
				-0.096,
				1,
				3.161,
				-0.096,
				3.272,
				-0.07,
				3.383,
				-0.07,
				1,
				3.433,
				-0.07,
				3.483,
				-0.079,
				3.533,
				-0.079
			]
		},
		{
			"Target": "Parameter",
			"Id": "Param56",
			"Segments": [
				0,
				0.002,
				1,
				0.011,
				0.002,
				0.022,
				0.002,
				0.033,
				0.002,
				1,
				0.128,
				0.002,
				0.222,
				-0.001,
				0.317,
				-0.001,
				1,
				0.339,
				-0.001,
				0.361,
				-0.001,
				0.383,
				-0.001,
				1,
				0.389,
				-0.001,
				0.394,
				-0.001,
				0.4,
				-0.001,
				1,
				0.406,
				-0.001,
				0.411,
				-0.001,
				0.417,
				-0.001,
				1,
				0.461,
				-0.001,
				0.506,
				0,
				0.55,
				0,
				1,
				0.556,
				0,
				0.561,
				0,
				0.567,
				0,
				1,
				0.583,
				0,
				0.6,
				0,
				0.617,
				0,
				1,
				0.628,
				0,
				0.639,
				0,
				0.65,
				0,
				1,
				0.656,
				0,
				0.661,
				0,
				0.667,
				0,
				1,
				0.683,
				0,
				0.7,
				0,
				0.717,
				0,
				1,
				0.722,
				0,
				0.728,
				0,
				0.733,
				0,
				1,
				0.744,
				0,
				0.756,
				0,
				0.767,
				0,
				1,
				0.772,
				0,
				0.778,
				0,
				0.783,
				0,
				1,
				0.789,
				0,
				0.794,
				0,
				0.8,
				0,
				1,
				0.9,
				0,
				1,
				0.045,
				1.1,
				0.045,
				1,
				1.239,
				0.045,
				1.378,
				-0.065,
				1.517,
				-0.065,
				1,
				1.522,
				-0.065,
				1.528,
				-0.065,
				1.533,
				-0.065,
				1,
				1.644,
				-0.065,
				1.756,
				0.056,
				1.867,
				0.056,
				1,
				1.978,
				0.056,
				2.089,
				-0.11,
				2.2,
				-0.11,
				1,
				2.311,
				-0.11,
				2.422,
				0.133,
				2.533,
				0.133,
				1,
				2.644,
				0.133,
				2.756,
				-0.103,
				2.867,
				-0.103,
				1,
				2.978,
				-0.103,
				3.089,
				0.067,
				3.2,
				0.067,
				1,
				3.311,
				0.067,
				3.422,
				0.002,
				3.533,
				0.002
			]
		},
		{
			"Target": "Parameter",
			"Id": "Param57",
			"Segments": [
				0,
				0.079,
				1,
				0.011,
				0.079,
				0.022,
				0.079,
				0.033,
				0.079,
				1,
				0.039,
				0.079,
				0.044,
				0.079,
				0.05,
				0.079,
				1,
				0.167,
				0.079,
				0.283,
				0.079,
				0.4,
				0.079,
				1,
				0.406,
				0.079,
				0.411,
				0.079,
				0.417,
				0.079,
				1,
				0.506,
				0.079,
				0.594,
				0.079,
				0.683,
				0.079,
				1,
				0.689,
				0.079,
				0.694,
				0.079,
				0.7,
				0.079,
				1,
				0.733,
				0.079,
				0.767,
				0.079,
				0.8,
				0.079,
				1,
				0.994,
				0.079,
				1.189,
				-0.129,
				1.383,
				-0.129,
				1,
				1.494,
				-0.129,
				1.606,
				-0.055,
				1.717,
				-0.055,
				1,
				1.789,
				-0.055,
				1.861,
				-0.078,
				1.933,
				-0.078,
				1,
				2.078,
				-0.078,
				2.222,
				0.16,
				2.367,
				0.16,
				1,
				2.478,
				0.16,
				2.589,
				0.041,
				2.7,
				0.041,
				1,
				2.811,
				0.041,
				2.922,
				0.096,
				3.033,
				0.096,
				1,
				3.039,
				0.096,
				3.044,
				0.096,
				3.05,
				0.096,
				1,
				3.161,
				0.096,
				3.272,
				0.07,
				3.383,
				0.07,
				1,
				3.433,
				0.07,
				3.483,
				0.079,
				3.533,
				0.079
			]
		},
		{
			"Target": "Parameter",
			"Id": "Param58",
			"Segments": [
				0,
				-0.002,
				1,
				0.011,
				-0.002,
				0.022,
				-0.002,
				0.033,
				-0.002,
				1,
				0.128,
				-0.002,
				0.222,
				0.001,
				0.317,
				0.001,
				1,
				0.339,
				0.001,
				0.361,
				0.001,
				0.383,
				0.001,
				1,
				0.389,
				0.001,
				0.394,
				0.001,
				0.4,
				0.001,
				1,
				0.406,
				0.001,
				0.411,
				0.001,
				0.417,
				0.001,
				1,
				0.461,
				0.001,
				0.506,
				0,
				0.55,
				0,
				1,
				0.556,
				0,
				0.561,
				0,
				0.567,
				0,
				1,
				0.583,
				0,
				0.6,
				0,
				0.617,
				0,
				1,
				0.628,
				0,
				0.639,
				0,
				0.65,
				0,
				1,
				0.656,
				0,
				0.661,
				0,
				0.667,
				0,
				1,
				0.683,
				0,
				0.7,
				0,
				0.717,
				0,
				1,
				0.722,
				0,
				0.728,
				0,
				0.733,
				0,
				1,
				0.744,
				0,
				0.756,
				0,
				0.767,
				0,
				1,
				0.772,
				0,
				0.778,
				0,
				0.783,
				0,
				1,
				0.789,
				0,
				0.794,
				0,
				0.8,
				0,
				1,
				0.9,
				0,
				1,
				-0.045,
				1.1,
				-0.045,
				1,
				1.239,
				-0.045,
				1.378,
				0.065,
				1.517,
				0.065,
				1,
				1.522,
				0.065,
				1.528,
				0.065,
				1.533,
				0.065,
				1,
				1.644,
				0.065,
				1.756,
				-0.056,
				1.867,
				-0.056,
				1,
				1.978,
				-0.056,
				2.089,
				0.11,
				2.2,
				0.11,
				1,
				2.311,
				0.11,
				2.422,
				-0.133,
				2.533,
				-0.133,
				1,
				2.644,
				-0.133,
				2.756,
				0.103,
				2.867,
				0.103,
				1,
				2.978,
				0.103,
				3.089,
				-0.067,
				3.2,
				-0.067,
				1,
				3.311,
				-0.067,
				3.422,
				-0.002,
				3.533,
				-0.002
			]
		},
		{
			"Target": "Parameter",
			"Id": "Param59",
			"Segments": [
				0,
				0.001,
				1,
				0.111,
				0.001,
				0.222,
				-0.009,
				0.333,
				-0.009,
				1,
				0.456,
				-0.009,
				0.578,
				0.006,
				0.7,
				0.006,
				1,
				0.706,
				0.006,
				0.711,
				0.006,
				0.717,
				0.006,
				1,
				0.806,
				0.006,
				0.894,
				0.003,
				0.983,
				0.003,
				1,
				0.989,
				0.003,
				0.994,
				0.003,
				1,
				0.003,
				1,
				1.006,
				0.003,
				1.011,
				0.003,
				1.017,
				0.003,
				1,
				1.022,
				0.003,
				1.028,
				0.003,
				1.033,
				0.003,
				1,
				1.039,
				0.003,
				1.044,
				0.003,
				1.05,
				0.003,
				1,
				1.056,
				0.003,
				1.061,
				0.003,
				1.067,
				0.003,
				1,
				1.1,
				0.003,
				1.133,
				0.002,
				1.167,
				0.002,
				1,
				1.178,
				0.002,
				1.189,
				0.002,
				1.2,
				0.002,
				1,
				1.206,
				0.002,
				1.211,
				0.002,
				1.217,
				0.002,
				1,
				1.222,
				0.002,
				1.228,
				0.002,
				1.233,
				0.002,
				1,
				1.467,
				0.002,
				1.7,
				-0.006,
				1.933,
				-0.006,
				1,
				1.939,
				-0.006,
				1.944,
				-0.006,
				1.95,
				-0.006,
				1,
				2.061,
				-0.006,
				2.172,
				0,
				2.283,
				0,
				1,
				2.289,
				0,
				2.294,
				0,
				2.3,
				0,
				1,
				2.306,
				0,
				2.311,
				0,
				2.317,
				0,
				1,
				2.322,
				0,
				2.328,
				0,
				2.333,
				0,
				1,
				2.339,
				0,
				2.344,
				0,
				2.35,
				0,
				1,
				2.356,
				0,
				2.361,
				0,
				2.367,
				0,
				1,
				2.372,
				0,
				2.378,
				0,
				2.383,
				0,
				1,
				2.406,
				0,
				2.428,
				0,
				2.45,
				0,
				1,
				2.472,
				0,
				2.494,
				0,
				2.517,
				0,
				1,
				2.65,
				0,
				2.783,
				0.007,
				2.917,
				0.007,
				1,
				3.022,
				0.007,
				3.128,
				-0.001,
				3.233,
				-0.001,
				1,
				3.244,
				-0.001,
				3.256,
				-0.001,
				3.267,
				-0.001,
				1,
				3.3,
				-0.001,
				3.333,
				-0.001,
				3.367,
				-0.001,
				1,
				3.389,
				-0.001,
				3.411,
				-0.001,
				3.433,
				-0.001,
				1,
				3.467,
				-0.001,
				3.5,
				0.001,
				3.533,
				0.001
			]
		},
		{
			"Target": "Parameter",
			"Id": "Param60",
			"Segments": [
				0,
				0.002,
				1,
				0.022,
				0.002,
				0.044,
				0.004,
				0.067,
				0.004,
				1,
				0.078,
				0.004,
				0.089,
				0.004,
				0.1,
				0.004,
				1,
				0.217,
				0.004,
				0.333,
				-0.018,
				0.45,
				-0.018,
				1,
				0.567,
				-0.018,
				0.683,
				0.018,
				0.8,
				0.018,
				1,
				0.906,
				0.018,
				1.011,
				-0.002,
				1.117,
				-0.002,
				1,
				1.122,
				-0.002,
				1.128,
				-0.002,
				1.133,
				-0.002,
				1,
				1.222,
				-0.002,
				1.311,
				0.004,
				1.4,
				0.004,
				1,
				1.606,
				0.004,
				1.811,
				-0.008,
				2.017,
				-0.008,
				1,
				2.028,
				-0.008,
				2.039,
				-0.008,
				2.05,
				-0.008,
				1,
				2.172,
				-0.008,
				2.294,
				0.003,
				2.417,
				0.003,
				1,
				2.494,
				0.003,
				2.572,
				-0.001,
				2.65,
				-0.001,
				1,
				2.656,
				-0.001,
				2.661,
				-0.001,
				2.667,
				-0.001,
				1,
				2.789,
				-0.001,
				2.911,
				0.013,
				3.033,
				0.013,
				1,
				3.144,
				0.013,
				3.256,
				-0.008,
				3.367,
				-0.008,
				1,
				3.422,
				-0.008,
				3.478,
				0.002,
				3.533,
				0.002
			]
		},
		{
			"Target": "Parameter",
			"Id": "Param76",
			"Segments": [
				0,
				-0.001,
				0,
				0.15,
				0,
				0,
				0.167,
				0,
				0,
				0.2,
				0,
				0,
				0.25,
				0,
				0,
				0.267,
				0,
				0,
				0.283,
				0,
				0,
				0.3,
				0,
				0,
				0.35,
				0,
				0,
				0.367,
				0,
				0,
				0.4,
				0,
				0,
				0.417,
				0,
				0,
				0.433,
				0,
				0,
				0.45,
				0,
				0,
				0.483,
				0,
				0,
				0.5,
				0,
				0,
				0.533,
				0,
				0,
				0.55,
				0,
				0,
				0.633,
				0,
				0,
				0.65,
				0,
				0,
				0.683,
				0,
				0,
				0.7,
				0,
				0,
				0.783,
				0,
				0,
				0.983,
				0.133,
				0,
				1.383,
				-0.359,
				0,
				1.75,
				0.313,
				0,
				2.083,
				-0.309,
				0,
				2.417,
				0.573,
				0,
				2.767,
				-0.408,
				0,
				3.15,
				0.197,
				0,
				3.533,
				-0.001
			]
		},
		{
			"Target": "Parameter",
			"Id": "Param78",
			"Segments": [
				0,
				-0.001,
				0,
				0.15,
				0,
				0,
				0.167,
				0,
				0,
				0.2,
				0,
				0,
				0.25,
				0,
				0,
				0.267,
				0,
				0,
				0.283,
				0,
				0,
				0.3,
				0,
				0,
				0.35,
				0,
				0,
				0.367,
				0,
				0,
				0.4,
				0,
				0,
				0.417,
				0,
				0,
				0.433,
				0,
				0,
				0.45,
				0,
				0,
				0.483,
				0,
				0,
				0.5,
				0,
				0,
				0.533,
				0,
				0,
				0.55,
				0,
				0,
				0.633,
				0,
				0,
				0.65,
				0,
				0,
				0.683,
				0,
				0,
				0.7,
				0,
				0,
				0.783,
				0,
				0,
				0.983,
				0.133,
				0,
				1.383,
				-0.359,
				0,
				1.75,
				0.313,
				0,
				2.083,
				-0.309,
				0,
				2.417,
				0.573,
				0,
				2.767,
				-0.408,
				0,
				3.15,
				0.197,
				0,
				3.533,
				-0.001
			]
		},
		{
			"Target": "Parameter",
			"Id": "ParamAngleZ",
			"Segments": [
				0,
				-13,
				1,
				0.267,
				-13,
				0.533,
				13,
				0.8,
				13,
				1,
				1.111,
				13,
				1.422,
				-13,
				1.733,
				-13,
				1,
				2.05,
				-13,
				2.367,
				13,
				2.683,
				13,
				1,
				2.967,
				13,
				3.25,
				-13,
				3.533,
				-13
			]
		},
		{
			"Target": "Parameter",
			"Id": "ParamEyeLOpen",
			"Segments": [
				0,
				1,
				1,
				0.261,
				1,
				0.522,
				1,
				0.783,
				1,
				1,
				0.994,
				1,
				1.206,
				0,
				1.417,
				0,
				1,
				1.567,
				0,
				1.717,
				0,
				1.867,
				0,
				1,
				2.033,
				0,
				2.2,
				1,
				2.367,
				1,
				1,
				2.756,
				1,
				3.144,
				1,
				3.533,
				1
			]
		},
		{
			"Target": "Parameter",
			"Id": "ParamEyeLSmile",
			"Segments": [
				0,
				1,
				1,
				1.178,
				1,
				2.356,
				1,
				3.533,
				1
			]
		},
		{
			"Target": "Parameter",
			"Id": "ParamEyeROpen",
			"Segments": [
				0,
				1,
				1,
				0.261,
				1,
				0.522,
				1,
				0.783,
				1,
				1,
				0.994,
				1,
				1.206,
				0,
				1.417,
				0,
				1,
				1.567,
				0,
				1.717,
				0,
				1.867,
				0,
				1,
				2.033,
				0,
				2.2,
				1,
				2.367,
				1,
				1,
				2.756,
				1,
				3.144,
				1,
				3.533,
				1
			]
		},
		{
			"Target": "Parameter",
			"Id": "ParamEyeRSmile",
			"Segments": [
				0,
				1,
				1,
				1.178,
				1,
				2.356,
				1,
				3.533,
				1
			]
		},
		{
			"Target": "Parameter",
			"Id": "ParamMouthForm",
			"Segments": [
				0,
				0,
				0,
				0.583,
				0,
				1,
				0.828,
				0,
				1.072,
				1,
				1.317,
				1,
				1,
				1.594,
				1,
				1.872,
				1,
				2.15,
				1,
				1,
				2.311,
				1,
				2.472,
				0,
				2.633,
				0,
				0,
				3.533,
				0
			]
		},
		{
			"Target": "Parameter",
			"Id": "ParamMouthOpenY",
			"Segments": [
				0,
				0,
				0,
				0.583,
				0,
				1,
				0.828,
				0,
				1.072,
				1,
				1.317,
				1,
				1,
				1.594,
				1,
				1.872,
				1,
				2.15,
				1,
				1,
				2.311,
				1,
				2.472,
				0,
				2.633,
				0,
				0,
				3.533,
				0
			]
		},
		{
			"Target": "Parameter",
			"Id": "ParamBodyAngleX",
			"Segments": [
				0,
				0,
				1,
				1.178,
				0,
				2.356,
				0,
				3.533,
				0
			]
		},
		{
			"Target": "Parameter",
			"Id": "ParamBodyAngleY",
			"Segments": [
				0,
				0,
				1,
				0.139,
				0,
				0.278,
				5,
				0.417,
				5,
				1,
				0.544,
				5,
				0.672,
				0,
				0.8,
				0,
				1,
				0.95,
				0,
				1.1,
				5,
				1.25,
				5,
				1,
				1.411,
				5,
				1.572,
				0,
				1.733,
				0,
				1,
				1.933,
				0,
				2.133,
				5,
				2.333,
				5,
				1,
				2.456,
				5,
				2.578,
				0,
				2.7,
				0,
				1,
				2.844,
				0,
				2.989,
				5,
				3.133,
				5,
				1,
				3.267,
				5,
				3.4,
				0,
				3.533,
				0
			]
		}
	]
}